REPORTDATE,OFFENSE_CODE,OFFENSE_TYPE_ID,OFFENSE_CATEGORY_ID,NEIGHBORHOOD_ID
2/27/2012,2203,BURGLARY - BUSINESS BY FORCE,Burglary,montclair
8/6/2012,2203,BURGLARY - BUSINESS BY FORCE,Burglary,five-points
9/18/2012,2203,BURGLARY - BUSINESS BY FORCE,Burglary,hampden-south
8/19/2012,5707,CRIMINAL TRESPASSING,All Other Crimes,montbello
11/21/2012,2203,BURGLARY - BUSINESS BY FORCE,Burglary,valverde
11/21/2012,2203,BURGLARY - BUSINESS BY FORCE,Burglary,five-points
1/7/2012,2203,BURGLARY - BUSINESS BY FORCE,Burglary,city-park-west
2/26/2012,2203,BURGLARY - BUSINESS BY FORCE,Burglary,ruby-hill
7/22/2012,2203,BURGLARY - BUSINESS BY FORCE,Burglary,speer
6/3/2012,2203,BURGLARY - BUSINESS BY FORCE,Burglary,cole
9/8/2012,1315,AGGRAVATED ASSAULT,Agg ASLT-Other,civic-center
9/21/2012,2203,BURGLARY - BUSINESS BY FORCE,Burglary,city-park-west
9/20/2012,2399,THEFT - OTHER,Larceny,platt-park
9/20/2012,2203,BURGLARY - BUSINESS BY FORCE,Burglary,globeville
11/17/2012,2203,BURGLARY - BUSINESS BY FORCE,Burglary,valverde
5/30/2012,2205,BURGLARY - BUSINESS NO FORCE,Burglary,rosedale
7/9/2012,2203,BURGLARY - BUSINESS BY FORCE,Burglary,rosedale
8/30/2012,2203,BURGLARY - BUSINESS BY FORCE,Burglary,athmar-park
3/24/2013,1205,ROBBERY - STREET,Robbery-Street-Res,five-points
1/21/2012,1205,ROBBERY - STREET,Robbery-Street-Res,montbello
10/17/2012,2399,THEFT - OTHER,Larceny,college-view-south-platte
9/12/2012,2203,BURGLARY - BUSINESS BY FORCE,Burglary,virginia-village
12/4/2012,2203,BURGLARY - BUSINESS BY FORCE,Burglary,sunnyside
4/6/2013,2305,THEFT - ITEMS FROM VEHICLE,Theft from Motor Vehicle,civic-center
6/27/2012,2203,BURGLARY - BUSINESS BY FORCE,Burglary,valverde
7/11/2012,3599,DRUG - MAKE/SELL OTHER DRUG,Drug Offenses,hale
7/10/2012,2999,CRIMINAL MISCHIEF - OTHER,Criminal Mischief-Property,montclair
12/6/2012,2205,BURGLARY - BUSINESS NO FORCE,Burglary,montbello
3/2/2012,2203,BURGLARY - BUSINESS BY FORCE,Burglary,elyria-swansea
7/17/2012,2203,BURGLARY - BUSINESS BY FORCE,Burglary,washington-virginia-vale
7/17/2012,2203,BURGLARY - BUSINESS BY FORCE,Burglary,highland
2/2/2012,2999,CRIMINAL MISCHIEF - OTHER,Criminal Mischief-Property,globeville
11/29/2012,2203,BURGLARY - BUSINESS BY FORCE,Burglary,sunnyside
1/4/2012,2204,BURGLARY - RESIDENCE NO FORCE,Burglary,capitol-hill
10/16/2012,2203,BURGLARY - BUSINESS BY FORCE,Burglary,five-points
4/8/2013,2202,BURGLARY - RESIDENCE BY FORCE,Burglary,virginia-village
9/23/2012,2308,THEFT - FROM BLDG,Larceny,south-park-hill
3/5/2012,2999,CRIMINAL MISCHIEF - OTHER,Criminal Mischief-Property,speer
8/18/2012,2203,BURGLARY - BUSINESS BY FORCE,Burglary,five-points
10/13/2012,2203,BURGLARY - BUSINESS BY FORCE,Burglary,berkeley
10/5/2012,2202,BURGLARY - RESIDENCE BY FORCE,Burglary,cherry-creek
10/22/2012,2203,BURGLARY - BUSINESS BY FORCE,Burglary,villa-park
4/26/2012,2203,BURGLARY - BUSINESS BY FORCE,Burglary,highland
4/26/2012,2203,BURGLARY - BUSINESS BY FORCE,Burglary,virginia-village
4/23/2012,2203,BURGLARY - BUSINESS BY FORCE,Burglary,washington-virginia-vale
10/24/2012,2205,BURGLARY - BUSINESS NO FORCE,Burglary,five-points
12/6/2012,2203,BURGLARY - BUSINESS BY FORCE,Burglary,union-station
8/29/2012,2203,BURGLARY - BUSINESS BY FORCE,Burglary,overland
12/9/2012,2203,BURGLARY - BUSINESS BY FORCE,Burglary,west-colfax
6/18/2012,2202,BURGLARY - RESIDENCE BY FORCE,Burglary,barnum
6/5/2012,2203,BURGLARY - BUSINESS BY FORCE,Burglary,baker
8/14/2012,2203,BURGLARY - BUSINESS BY FORCE,Burglary,jefferson-park
8/14/2012,2203,BURGLARY - BUSINESS BY FORCE,Burglary,globeville
1/30/2012,2203,BURGLARY - BUSINESS BY FORCE,Burglary,globeville
4/5/2013,2203,BURGLARY - BUSINESS BY FORCE,Burglary,elyria-swansea
6/16/2013,2399,THEFT - OTHER,Larceny,lincoln-park
3/15/2013,2399,THEFT - OTHER,Larceny,northeast-park-hill
7/21/2013,2999,CRIMINAL MISCHIEF - OTHER,Criminal Mischief-Property,overland
8/14/2013,5707,CRIMINAL TRESPASSING,All Other Crimes,five-points
8/9/2013,2204,BURGLARY - RESIDENCE NO FORCE,Burglary,northeast-park-hill
12/30/2015,2799,THEFT - EMBEZZLE,All Other Crimes,five-points
4/27/2013,2203,BURGLARY - BUSINESS BY FORCE,Burglary,cory-merrill
9/21/2015,1205,ROBBERY - STREET,Robbery-Street-Res,north-capitol-hill
8/22/2013,1202,ROBBERY - BUSINESS,Robbery-Business,berkeley
5/12/2013,2999,CRIMINAL MISCHIEF - OTHER,Criminal Mischief-Property,overland
5/6/2013,2203,BURGLARY - BUSINESS BY FORCE,Burglary,sun-valley
6/24/2015,1205,ROBBERY - STREET,Robbery-Street-Res,lincoln-park
9/30/2013,2399,THEFT - OTHER,Larceny,overland
8/16/2014,2203,BURGLARY - BUSINESS BY FORCE,Burglary,college-view-south-platte
12/17/2014,1315,AGGRAVATED ASSAULT,Agg ASLT-Other,sun-valley
11/28/2015,2202,BURGLARY - RESIDENCE BY FORCE,Burglary,hale
5/8/2013,2203,BURGLARY - BUSINESS BY FORCE,Burglary,valverde
6/4/2013,1205,ROBBERY - STREET,Robbery-Street-Res,hale
9/23/2014,2203,BURGLARY - BUSINESS BY FORCE,Burglary,valverde
9/6/2015,2203,BURGLARY - BUSINESS BY FORCE,Burglary,athmar-park
3/10/2012,2203,BURGLARY - BUSINESS BY FORCE,Burglary,cherry-creek
3/16/2013,2202,BURGLARY - RESIDENCE BY FORCE,Burglary,elyria-swansea
6/4/2013,2999,CRIMINAL MISCHIEF - OTHER,Criminal Mischief-Property,overland
8/3/2013,2204,BURGLARY - RESIDENCE NO FORCE,Burglary,capitol-hill
4/2/2014,2203,BURGLARY - BUSINESS BY FORCE,Burglary,elyria-swansea
2/12/2016,2203,BURGLARY - BUSINESS BY FORCE,Burglary,overland
3/17/2013,2203,BURGLARY - BUSINESS BY FORCE,Burglary,cherry-creek
4/25/2013,2203,BURGLARY - BUSINESS BY FORCE,Burglary,overland
1/10/2013,2202,BURGLARY - RESIDENCE BY FORCE,Burglary,skyland
1/10/2013,2999,CRIMINAL MISCHIEF - OTHER,Criminal Mischief-Property,skyland
7/21/2013,2204,BURGLARY - RESIDENCE NO FORCE,Burglary,villa-park
6/18/2013,2999,CRIMINAL MISCHIEF - OTHER,Criminal Mischief-Property,east-colfax
7/25/2013,1315,AGGRAVATED ASSAULT,Agg ASLT-Other,college-view-south-platte
7/25/2013,2203,BURGLARY - BUSINESS BY FORCE,Burglary,lincoln-park
7/20/2013,2203,BURGLARY - BUSINESS BY FORCE,Burglary,civic-center
8/22/2013,1208,ROBBERY - RESIDENCE,Robbery-Street-Res,east-colfax
5/23/2013,1208,ROBBERY - RESIDENCE,Robbery-Street-Res,east-colfax
5/20/2013,4803,POLICE - FALSE INFORMATION,All Other Crimes,washington-virginia-vale
1/20/2013,2203,BURGLARY - BUSINESS BY FORCE,Burglary,barnum
7/22/2013,2203,BURGLARY - BUSINESS BY FORCE,Burglary,lincoln-park
6/7/2013,2202,BURGLARY - RESIDENCE BY FORCE,Burglary,regis
7/12/2013,2203,BURGLARY - BUSINESS BY FORCE,Burglary,globeville
7/15/2013,2203,BURGLARY - BUSINESS BY FORCE,Burglary,west-colfax
3/1/2013,3599,DRUG - PCS - OTHER DRUG,Drug Offenses,overland
1/30/2013,1315,MENACING - FELONY W/WEAP,Agg ASLT-Firearm,overland
4/12/2016,2399,THEFT - OTHER,Larceny,globeville
5/17/2015,2303,THEFT - SHOPLIFT,Larceny,platt-park
5/19/2013,2203,BURGLARY - BUSINESS BY FORCE,Burglary,overland
5/13/2013,2203,BURGLARY - BUSINESS BY FORCE,Burglary,jefferson-park
3/21/2013,2203,BURGLARY - BUSINESS BY FORCE,Burglary,cory-merrill
8/20/2013,1316,THREATS TO INJURE,All Other Crimes,cory-merrill
8/22/2013,1208,ROBBERY - RESIDENCE,Robbery-Street-Res,barnum
9/1/2015,2305,THEFT - ITEMS FROM VEHICLE,Theft from Motor Vehicle,barnum
8/14/2015,2203,BURGLARY - BUSINESS BY FORCE,Burglary,overland
10/19/2013,1208,ROBBERY - RESIDENCE,Robbery-Street-Res,barnum-west
2/20/2014,3560,DRUG - MARIJUANA SELL,Drug Offenses,university
1/10/2013,2203,BURGLARY - BUSINESS BY FORCE,Burglary,baker
8/13/2013,5312,DISTURBING THE PEACE,All Other Crimes,montbello
8/20/2013,1316,THREATS TO INJURE,All Other Crimes,valverde
11/11/2014,1205,ROBBERY - STREET,Robbery-Street-Res,city-park-west
2/22/2013,2203,BURGLARY - BUSINESS BY FORCE,Burglary,valverde
7/6/2013,2204,BURGLARY - RESIDENCE NO FORCE,Burglary,mar-lee
6/17/2013,2203,BURGLARY - BUSINESS BY FORCE,Burglary,sun-valley
8/8/2013,2203,BURGLARY - BUSINESS BY FORCE,Burglary,valverde
6/18/2015,2203,BURGLARY - BUSINESS BY FORCE,Burglary,cole
6/21/2013,2202,BURGLARY - RESIDENCE BY FORCE,Burglary,gateway-green-valley-ranch
8/1/2013,2203,BURGLARY - BUSINESS BY FORCE,Burglary,elyria-swansea
6/20/2013,2203,BURGLARY - BUSINESS BY FORCE,Burglary,wellshire
3/9/2014,2202,BURGLARY - RESIDENCE BY FORCE,Burglary,cole
5/30/2013,1315,MENACING - FELONY W/WEAP,Agg ASLT-Firearm,overland
5/27/2013,2203,BURGLARY - BUSINESS BY FORCE,Burglary,college-view-south-platte
7/9/2013,2999,CRIMINAL MISCHIEF - OTHER,Criminal Mischief-Property,five-points
6/22/2013,7199,PROPERTY CRIMES OTHER,All Other Crimes,valverde
6/22/2013,2999,CRIMINAL MISCHIEF - OTHER,Criminal Mischief-Property,montclair
8/13/2013,2999,CRIMINAL MISCHIEF - OTHER,Criminal Mischief-Property,sun-valley
12/11/2013,2203,BURGLARY - BUSINESS BY FORCE,Burglary,athmar-park
6/25/2013,2999,CRIMINAL MISCHIEF - OTHER,Criminal Mischief-Property,cole
5/9/2013,2999,CRIMINAL MISCHIEF - OTHER,Criminal Mischief-Property,overland
5/9/2013,2205,BURGLARY - BUSINESS NO FORCE,Burglary,montbello
8/16/2013,2203,BURGLARY - BUSINESS BY FORCE,Burglary,lincoln-park
4/21/2013,2203,BURGLARY - BUSINESS BY FORCE,Burglary,south-park-hill
3/24/2013,2203,BURGLARY - BUSINESS BY FORCE,Burglary,overland
3/11/2012,2203,BURGLARY - BUSINESS BY FORCE,Burglary,speer
12/24/2013,2203,BURGLARY - BUSINESS BY FORCE,Burglary,west-colfax
6/25/2015,2308,THEFT - FROM BLDG,Larceny,west-colfax
11/10/2013,2203,BURGLARY - BUSINESS BY FORCE,Burglary,elyria-swansea
8/6/2014,2308,THEFT - FROM BLDG,Larceny,montclair
4/9/2014,2203,BURGLARY - BUSINESS BY FORCE,Burglary,washington-park-west
3/12/2015,2202,BURGLARY - RESIDENCE BY FORCE,Burglary,university-park
10/18/2013,2203,BURGLARY - BUSINESS BY FORCE,Burglary,five-points
3/28/2014,2203,BURGLARY - BUSINESS BY FORCE,Burglary,overland
8/17/2015,1205,ROBBERY - STREET,Robbery-Street-Res,north-capitol-hill
7/23/2015,2203,BURGLARY - BUSINESS BY FORCE,Burglary,cole
10/26/2014,1202,ROBBERY - BUSINESS,Robbery-Business,baker
2/10/2015,2399,THEFT - OTHER,Larceny,valverde
3/26/2014,3562,DRUG - MARIJUANA POSSESS,Drug Offenses,globeville
12/30/2013,2203,BURGLARY - BUSINESS BY FORCE,Burglary,athmar-park
10/15/2015,2303,THEFT - SHOPLIFT,Larceny,five-points
8/23/2015,2203,BURGLARY - BUSINESS BY FORCE,Burglary,athmar-park
2/9/2015,2203,BURGLARY - BUSINESS BY FORCE,Burglary,overland
2/9/2016,2303,THEFT - SHOPLIFT,Larceny,overland
1/14/2016,2202,BURGLARY - RESIDENCE BY FORCE,Burglary,elyria-swansea
7/8/2014,2203,BURGLARY - BUSINESS BY FORCE,Burglary,ruby-hill
9/18/2014,1205,ROBBERY - STREET,Robbery-Street-Res,five-points
1/21/2015,2203,BURGLARY - BUSINESS BY FORCE,Burglary,marston
9/30/2013,5707,CRIMINAL TRESPASSING,All Other Crimes,overland
12/4/2013,2203,BURGLARY - BUSINESS BY FORCE,Burglary,rosedale
2/18/2016,2203,BURGLARY - BUSINESS BY FORCE,Burglary,overland
4/12/2014,1208,ROBBERY - RESIDENCE,Robbery-Street-Res,westwood
3/28/2016,2203,BURGLARY - BUSINESS BY FORCE,Burglary,elyria-swansea
8/15/2015,1205,ROBBERY - STREET,Robbery-Street-Res,union-station
10/4/2013,2203,BURGLARY - BUSINESS BY FORCE,Burglary,baker
3/17/2014,2303,THEFT - SHOPLIFT,Larceny,baker
11/22/2013,2999,CRIMINAL MISCHIEF - OTHER,Criminal Mischief-Property,five-points
12/3/2013,2203,BURGLARY - BUSINESS BY FORCE,Burglary,washington-park-west
9/30/2013,5016,VIOLATION OF COURT ORDER,All Other Crimes,lowry-field
1/23/2014,2203,BURGLARY - BUSINESS BY FORCE,Burglary,baker
3/19/2014,2203,BURGLARY - BUSINESS BY FORCE,Burglary,indian-creek
9/5/2015,2203,BURGLARY - BUSINESS BY FORCE,Burglary,capitol-hill
3/21/2015,1202,ROBBERY - BUSINESS,Robbery-Business,elyria-swansea
1/26/2015,2203,BURGLARY - BUSINESS BY FORCE,Burglary,south-park-hill
10/10/2014,2203,BURGLARY - BUSINESS BY FORCE,Burglary,athmar-park
10/9/2013,2203,BURGLARY - BUSINESS BY FORCE,Burglary,globeville
2/27/2016,2203,BURGLARY - BUSINESS BY FORCE,Burglary,elyria-swansea
6/22/2014,2203,BURGLARY - BUSINESS BY FORCE,Burglary,sunnyside
9/3/2014,2202,BURGLARY - RESIDENCE BY FORCE,Burglary,washington-virginia-vale
3/27/2014,2203,BURGLARY - BUSINESS BY FORCE,Burglary,overland
12/18/2015,2203,BURGLARY - BUSINESS BY FORCE,Burglary,elyria-swansea
10/9/2013,2205,BURGLARY - BUSINESS NO FORCE,Burglary,hampden
6/27/2015,1205,ROBBERY - STREET,Robbery-Street-Res,civic-center
9/17/2013,2203,BURGLARY - BUSINESS BY FORCE,Burglary,washington-virginia-vale
11/30/2013,2203,BURGLARY - BUSINESS BY FORCE,Burglary,lincoln-park
1/19/2015,2203,BURGLARY - BUSINESS BY FORCE,Burglary,city-park
10/24/2015,2203,BURGLARY - BUSINESS BY FORCE,Burglary,marston
4/6/2016,2203,BURGLARY - BUSINESS BY FORCE,Burglary,virginia-village
12/4/2015,2204,BURGLARY - RESIDENCE NO FORCE,Burglary,cheesman-park
3/29/2016,2203,BURGLARY - BUSINESS BY FORCE,Burglary,highland
4/5/2015,2399,THEFT - OTHER,Larceny,cheesman-park
3/10/2014,2999,CRIMINAL MISCHIEF - OTHER,Criminal Mischief-Property,villa-park
2/9/2014,2203,BURGLARY - BUSINESS BY FORCE,Burglary,athmar-park
2/17/2014,2203,BURGLARY - BUSINESS BY FORCE,Burglary,platt-park
9/7/2013,2203,BURGLARY - BUSINESS BY FORCE,Burglary,sloan-lake
8/19/2014,2203,BURGLARY - BUSINESS BY FORCE,Burglary,virginia-village
11/18/2013,2203,BURGLARY - BUSINESS BY FORCE,Burglary,elyria-swansea
9/14/2014,2203,BURGLARY - BUSINESS BY FORCE,Burglary,overland
7/18/2015,2205,BURGLARY - BUSINESS NO FORCE,Burglary,elyria-swansea
2/24/2014,2303,THEFT - SHOPLIFT,Larceny,baker
2/20/2013,2203,BURGLARY - BUSINESS BY FORCE,Burglary,globeville
3/20/2016,2203,BURGLARY - BUSINESS BY FORCE,Burglary,elyria-swansea
7/27/2014,1205,ROBBERY - STREET,Robbery-Street-Res,capitol-hill
11/28/2013,2999,CRIMINAL MISCHIEF - MTR VEH,Criminal Mischief-Vehicle,baker
6/16/2014,2204,BURGLARY - RESIDENCE NO FORCE,Burglary,globeville
10/26/2014,1202,ROBBERY - BUSINESS,Robbery-Business,montbello
2/28/2016,2203,BURGLARY - BUSINESS BY FORCE,Burglary,villa-park
11/19/2015,1205,ROBBERY - STREET,Robbery-Street-Res,regis
2/20/2015,3560,DRUG - MARIJUANA SELL,Drug Offenses,montbello
3/1/2014,2203,BURGLARY - BUSINESS BY FORCE,Burglary,overland
11/1/2015,1208,ROBBERY - RESIDENCE,Robbery-Street-Res,harvey-park
8/10/2014,2203,BURGLARY - BUSINESS BY FORCE,Burglary,globeville
7/21/2014,2203,BURGLARY - BUSINESS BY FORCE,Burglary,lincoln-park
1/4/2014,2203,BURGLARY - BUSINESS BY FORCE,Burglary,platt-park
12/19/2013,2202,BURGLARY - RESIDENCE BY FORCE,Burglary,gateway-green-valley-ranch
1/7/2015,2203,BURGLARY - BUSINESS BY FORCE,Burglary,elyria-swansea
7/27/2014,2203,BURGLARY - BUSINESS BY FORCE,Burglary,athmar-park
7/9/2014,2399,THEFT - OTHER,Larceny,five-points
8/1/2013,2305,THEFT - ITEMS FROM VEHICLE,Theft from Motor Vehicle,hale
11/19/2014,2204,BURGLARY - RESIDENCE NO FORCE,Burglary,hampden
12/23/2013,2302,THEFT - PURSE SNATCH NO FORCE,Larceny,cbd
6/23/2015,2203,BURGLARY - BUSINESS BY FORCE,Burglary,overland
6/5/2015,1202,ROBBERY - BUSINESS,Robbery-Business,south-park-hill
5/23/2014,2203,BURGLARY - BUSINESS BY FORCE,Burglary,elyria-swansea
12/12/2013,1202,ROBBERY - BUSINESS,Robbery-Business,elyria-swansea
5/8/2014,2205,BURGLARY - BUSINESS NO FORCE,Burglary,globeville
12/30/2013,2203,BURGLARY - BUSINESS BY FORCE,Burglary,baker
8/19/2014,2203,BURGLARY - BUSINESS BY FORCE,Burglary,sunnyside
12/23/2013,2203,BURGLARY - BUSINESS BY FORCE,Burglary,valverde
3/30/2016,2203,BURGLARY - BUSINESS BY FORCE,Burglary,globeville
4/25/2016,2399,THEFT - OTHER,Larceny,baker
11/10/2013,1315,AGGRAVATED ASSAULT,Agg ASLT-Other,five-points
8/17/2015,2204,BURGLARY - RESIDENCE NO FORCE,Burglary,east-colfax
2/21/2014,1313,ASSAULT - SIMPLE,Simple Assault,cheesman-park
11/7/2013,2203,BURGLARY - BUSINESS BY FORCE,Burglary,globeville
2/5/2013,1205,ROBBERY - STREET,Robbery-Street-Res,montbello
1/19/2014,2203,BURGLARY - BUSINESS BY FORCE,Burglary,elyria-swansea
11/4/2015,2203,BURGLARY - BUSINESS BY FORCE,Burglary,overland
3/10/2014,2203,BURGLARY - BUSINESS BY FORCE,Burglary,elyria-swansea
10/17/2013,1315,MENACING - FELONY W/WEAP,Agg ASLT-Other,college-view-south-platte
2/15/2013,2999,CRIMINAL MISCHIEF - OTHER,Criminal Mischief-Property,goldsmith
4/5/2015,1316,THREATS TO INJURE,All Other Crimes,washington-park-west
10/24/2014,2203,BURGLARY - BUSINESS BY FORCE,Burglary,overland
12/24/2014,2203,BURGLARY - BUSINESS BY FORCE,Burglary,sunnyside
11/15/2015,2203,BURGLARY - BUSINESS BY FORCE,Burglary,virginia-village
11/10/2013,2203,BURGLARY - BUSINESS BY FORCE,Burglary,elyria-swansea
5/31/2015,2999,CRIMINAL MISCHIEF - OTHER,Criminal Mischief-Property,northeast-park-hill
5/1/2016,2202,BURGLARY - RESIDENCE BY FORCE,Burglary,elyria-swansea
9/23/2014,2203,BURGLARY - BUSINESS BY FORCE,Burglary,lincoln-park
10/31/2013,2203,BURGLARY - BUSINESS BY FORCE,Burglary,globeville
9/6/2015,2203,BURGLARY - BUSINESS BY FORCE,Burglary,barnum-west
9/1/2013,2203,BURGLARY - BUSINESS BY FORCE,Burglary,overland
3/21/2014,2203,BURGLARY - BUSINESS BY FORCE,Burglary,platt-park
8/5/2014,2203,BURGLARY - BUSINESS BY FORCE,Burglary,globeville
11/1/2014,1208,ROBBERY - RESIDENCE,Robbery-Street-Res,mar-lee
1/26/2015,2203,BURGLARY - BUSINESS BY FORCE,Burglary,college-view-south-platte
11/14/2015,2203,BURGLARY - BUSINESS BY FORCE,Burglary,elyria-swansea
8/13/2014,2203,BURGLARY - BUSINESS BY FORCE,Burglary,elyria-swansea
1/30/2016,2305,THEFT - ITEMS FROM VEHICLE,Theft from Motor Vehicle,platt-park
10/19/2015,2203,BURGLARY - BUSINESS BY FORCE,Burglary,five-points
2/24/2016,2203,BURGLARY - BUSINESS BY FORCE,Burglary,washington-virginia-vale
2/12/2016,2203,BURGLARY - BUSINESS BY FORCE,Burglary,westwood
12/11/2015,2303,THEFT - SHOPLIFT,Larceny,union-station
5/8/2014,2203,BURGLARY - BUSINESS BY FORCE,Burglary,washington-park-west
7/8/2014,2203,BURGLARY - BUSINESS BY FORCE,Burglary,mar-lee
1/23/2016,2204,BURGLARY - RESIDENCE NO FORCE,Burglary,five-points
3/5/2016,1208,ROBBERY - RESIDENCE,Robbery-Street-Res,west-colfax
10/29/2014,2399,THEFT - OTHER,Larceny,cbd
11/14/2015,2203,BURGLARY - BUSINESS BY FORCE,Burglary,sunnyside
9/28/2013,5707,CRIMINAL TRESPASSING,All Other Crimes,northeast-park-hill
12/31/2013,1316,THREATS TO INJURE,All Other Crimes,montbello
7/21/2014,2203,BURGLARY - BUSINESS BY FORCE,Burglary,elyria-swansea
10/27/2013,2202,BURGLARY - RESIDENCE BY FORCE,Burglary,berkeley
8/22/2013,2202,BURGLARY - RESIDENCE BY FORCE,Burglary,university
6/9/2015,2399,THEFT - OTHER,Larceny,union-station
11/12/2013,1313,ASSAULT - SIMPLE,Simple Assault,civic-center
12/23/2014,2203,BURGLARY - BUSINESS BY FORCE,Burglary,college-view-south-platte
3/19/2014,2305,THEFT - ITEMS FROM VEHICLE,Theft from Motor Vehicle,overland
1/2/2015,2999,CRIMINAL MISCHIEF - OTHER,Criminal Mischief-Property,lincoln-park
2/23/2015,2203,BURGLARY - BUSINESS BY FORCE,Burglary,five-points
3/31/2015,1313,ASSAULT - DV,Simple Assault,capitol-hill
5/5/2016,1205,ROBBERY - STREET,Robbery-Street-Res,north-park-hill
5/28/2016,2999,CRIMINAL MISCHIEF - OTHER,Criminal Mischief-Property,east-colfax
5/19/2016,2399,THEFT - OTHER,Larceny,barnum
5/19/2016,2203,BURGLARY - BUSINESS BY FORCE,Burglary,platt-park
1/3/2013,2203,BURGLARY - BUSINESS BY FORCE,Burglary,cole
8/7/2013,2303,THEFT - SHOPLIFT,Larceny,valverde
4/25/2016,2999,CRIMINAL MISCHIEF - OTHER,Criminal Mischief-Property,montbello
2/16/2016,2203,BURGLARY - BUSINESS BY FORCE,Burglary,baker
7/18/2015,2203,BURGLARY - BUSINESS BY FORCE,Burglary,athmar-park
11/11/2015,2203,BURGLARY - BUSINESS BY FORCE,Burglary,speer
4/22/2015,3560,DRUG - MARIJUANA SELL,Drug Offenses,cbd
1/14/2016,2202,BURGLARY - RESIDENCE BY FORCE,Burglary,cory-merrill
4/25/2016,5707,CRIMINAL TRESPASSING,All Other Crimes,city-park
4/10/2016,2204,BURGLARY - RESIDENCE NO FORCE,Burglary,washington-virginia-vale
10/29/2014,2202,BURGLARY - RESIDENCE BY FORCE,Burglary,villa-park
11/22/2013,2203,BURGLARY - BUSINESS BY FORCE,Burglary,cory-merrill
8/29/2013,2202,BURGLARY - RESIDENCE BY FORCE,Burglary,university
12/7/2014,2202,BURGLARY - RESIDENCE BY FORCE,Burglary,west-colfax
9/21/2015,2399,THEFT - OTHER,Larceny,harvey-park
5/6/2014,2203,BURGLARY - BUSINESS BY FORCE,Burglary,globeville
5/19/2015,2203,BURGLARY - BUSINESS BY FORCE,Burglary,elyria-swansea
10/6/2014,2202,BURGLARY - RESIDENCE BY FORCE,Burglary,hampden
6/9/2014,2203,BURGLARY - BUSINESS BY FORCE,Burglary,montbello
1/10/2016,2202,BURGLARY - RESIDENCE BY FORCE,Burglary,barnum
2/8/2015,2203,BURGLARY - BUSINESS BY FORCE,Burglary,lincoln-park
12/19/2013,2999,CRIMINAL MISCHIEF - OTHER,Criminal Mischief-Property,overland
2/16/2016,2204,BURGLARY - RESIDENCE NO FORCE,Burglary,washington-park
11/30/2013,2203,BURGLARY - BUSINESS BY FORCE,Burglary,lincoln-park
4/23/2015,2399,THEFT - OTHER,Larceny,mar-lee
12/16/2013,1315,AGGRAVATED ASSAULT,Agg ASLT-Other,civic-center
12/9/2015,1313,ASSAULT - DV,Simple Assault,mar-lee
12/31/2015,2203,BURGLARY - BUSINESS BY FORCE,Burglary,globeville
2/28/2014,2203,BURGLARY - BUSINESS BY FORCE,Burglary,westwood
12/11/2015,2999,CRIMINAL MISCHIEF - OTHER,Criminal Mischief-Property,union-station
12/11/2015,5312,DISTURBING THE PEACE,All Other Crimes,union-station
4/22/2015,1202,ROBBERY - BUSINESS,Robbery-Business,cole
2/12/2016,2203,BURGLARY - BUSINESS BY FORCE,Burglary,five-points
7/4/2016,2203,BURGLARY - BUSINESS BY FORCE,Burglary,northeast-park-hill
5/31/2016,2203,BURGLARY - BUSINESS BY FORCE,Burglary,washington-virginia-vale
2/3/2013,1205,ROBBERY - STREET,Robbery-Street-Res,barnum
2/15/2016,2203,BURGLARY - BUSINESS BY FORCE,Burglary,northeast-park-hill
10/31/2013,2202,BURGLARY - RESIDENCE BY FORCE,Burglary,marston
7/2/2016,2204,BURGLARY - RESIDENCE NO FORCE,Burglary,harvey-park-south
5/30/2016,2999,CRIMINAL MISCHIEF - OTHER,Criminal Mischief-Property,hampden
5/31/2016,2999,CRIMINAL MISCHIEF - OTHER,Criminal Mischief-Property,overland
4/17/2016,2308,THEFT - FROM BLDG,Larceny,elyria-swansea
5/30/2016,2999,CRIMINAL MISCHIEF - OTHER,Criminal Mischief-Property,ruby-hill
5/30/2016,1315,AGGRAVATED ASSAULT,Agg ASLT-Firearm,five-points
8/17/2014,2203,BURGLARY - BUSINESS BY FORCE,Burglary,west-highland
2/23/2014,2999,CRIMINAL MISCHIEF - OTHER,Criminal Mischief-Property,platt-park
10/7/2014,1316,THREATS TO INJURE,All Other Crimes,capitol-hill
8/28/2014,2202,BURGLARY - RESIDENCE BY FORCE,Burglary,west-colfax
2/5/2016,2203,BURGLARY - BUSINESS BY FORCE,Burglary,rosedale
7/1/2016,2203,BURGLARY - BUSINESS BY FORCE,Burglary,platt-park
6/24/2015,2203,BURGLARY - BUSINESS BY FORCE,Burglary,elyria-swansea
9/12/2015,2204,BURGLARY - RESIDENCE NO FORCE,Burglary,cole
5/11/2016,2305,THEFT - ITEMS FROM VEHICLE,Theft from Motor Vehicle,montbello
5/14/2016,2203,BURGLARY - BUSINESS BY FORCE,Burglary,northeast-park-hill
2/3/2014,1316,THREATS TO INJURE,All Other Crimes,university-hills
12/2/2015,2203,BURGLARY - BUSINESS BY FORCE,Burglary,cole
11/3/2013,2999,CRIMINAL MISCHIEF - OTHER,Criminal Mischief-Property,city-park-west
9/30/2015,3560,DRUG - MARIJUANA SELL,Drug Offenses,capitol-hill
12/22/2015,2205,BURGLARY - BUSINESS NO FORCE,Burglary,baker
3/28/2015,5312,DISTURBING THE PEACE,All Other Crimes,lincoln-park
7/6/2016,2203,BURGLARY - BUSINESS BY FORCE,Burglary,athmar-park
6/28/2016,2203,BURGLARY - BUSINESS BY FORCE,Burglary,hampden
7/4/2016,2203,BURG/AUTO THEFT-BUSN W/ FORCE,Burglary,lincoln-park
9/30/2013,5312,DISTURBING THE PEACE,All Other Crimes,lowry-field
1/16/2016,2203,BURGLARY - BUSINESS BY FORCE,Burglary,sun-valley
2/8/2013,2202,BURGLARY - RESIDENCE BY FORCE,Burglary,windsor
3/17/2014,2303,THEFT - SHOPLIFT,Larceny,baker
2/2/2015,2204,BURGLARY - RESIDENCE NO FORCE,Burglary,athmar-park
11/22/2013,1202,ROBBERY - BUSINESS,Robbery-Business,civic-center
3/21/2016,2204,BURGLARY - RESIDENCE NO FORCE,Burglary,southmoor-park
12/3/2014,2203,BURGLARY - BUSINESS BY FORCE,Burglary,elyria-swansea
4/28/2014,2203,BURGLARY - BUSINESS BY FORCE,Burglary,athmar-park
5/18/2016,2203,BURGLARY - BUSINESS BY FORCE,Burglary,sunnyside
3/27/2015,2203,BURGLARY - BUSINESS BY FORCE,Burglary,cory-merrill
11/2/2014,2203,BURGLARY - BUSINESS BY FORCE,Burglary,lincoln-park
2/2/2014,2204,BURGLARY - RESIDENCE NO FORCE,Burglary,five-points
11/5/2015,2203,BURGLARY - BUSINESS BY FORCE,Burglary,villa-park
4/23/2014,2203,BURGLARY - BUSINESS BY FORCE,Burglary,elyria-swansea
5/30/2014,2601,THEFT - CONFIDENCE GAME,All Other Crimes,cbd
7/31/2015,2303,THEFT - SHOPLIFT,Larceny,elyria-swansea
9/8/2013,2203,BURGLARY - BUSINESS BY FORCE,Burglary,valverde
6/13/2015,1205,ROBBERY - STREET,Robbery-Street-Res,union-station
2/11/2016,2399,THEFT - OTHER,Larceny,overland
9/11/2014,2399,THEFT - OTHER,Larceny,speer
11/4/2013,2205,BURGLARY - BUSINESS NO FORCE,Burglary,elyria-swansea
5/4/2016,2399,THEFT - OTHER,Larceny,east-colfax
5/5/2014,2203,BURGLARY - BUSINESS BY FORCE,Burglary,globeville
2/7/2016,2203,BURGLARY - BUSINESS BY FORCE,Burglary,elyria-swansea
5/20/2016,5707,CRIMINAL TRESPASSING,All Other Crimes,west-highland
5/21/2016,2203,BURGLARY - BUSINESS BY FORCE,Burglary,cory-merrill
9/17/2013,2203,BURGLARY - BUSINESS BY FORCE,Burglary,washington-virginia-vale
10/4/2013,2203,BURGLARY - BUSINESS BY FORCE,Burglary,elyria-swansea
9/9/2013,2203,BURGLARY - BUSINESS BY FORCE,Burglary,virginia-village
10/26/2013,1205,ROBBERY - STREET,Robbery-Street-Res,capitol-hill
10/21/2013,2308,THEFT - FROM BLDG,Larceny,east-colfax
9/25/2015,3560,DRUG - MARIJUANA SELL,Drug Offenses,rosedale
1/27/2015,2203,BURGLARY - BUSINESS BY FORCE,Burglary,globeville
12/6/2014,2202,BURGLARY - RESIDENCE BY FORCE,Burglary,athmar-park
8/18/2015,2203,BURGLARY - BUSINESS BY FORCE,Burglary,elyria-swansea
5/19/2015,2203,BURGLARY - BUSINESS BY FORCE,Burglary,overland
7/3/2015,2203,BURGLARY - BUSINESS BY FORCE,Burglary,elyria-swansea
5/21/2016,2303,THEFT - SHOPLIFT,Larceny,sunnyside
6/28/2016,2203,BURGLARY - BUSINESS BY FORCE,Burglary,overland
5/17/2016,2203,BURGLARY - BUSINESS BY FORCE,Burglary,washington-park-west
7/19/2015,1315,AGGRAVATED ASSAULT,Agg ASLT-Other,cbd
1/3/2014,2204,BURGLARY - RESIDENCE NO FORCE,Burglary,sloan-lake
10/21/2015,1208,ROBBERY - RESIDENCE,Robbery-Street-Res,ruby-hill
4/29/2015,2203,BURGLARY - BUSINESS BY FORCE,Burglary,ruby-hill
5/24/2016,2203,BURGLARY - BUSINESS BY FORCE,Burglary,elyria-swansea
5/24/2016,2203,BURGLARY - BUSINESS BY FORCE,Burglary,northeast-park-hill
8/15/2015,1205,ROBBERY - STREET,Robbery-Street-Res,baker
3/2/2015,2399,THEFT - OTHER,Larceny,barnum
5/11/2016,1315,AGGRAVATED ASSAULT,Agg ASLT-Other,north-capitol-hill
6/28/2016,2203,BURGLARY - BUSINESS BY FORCE,Burglary,sun-valley
2/26/2014,2202,BURGLARY - RESIDENCE BY FORCE,Burglary,regis
9/30/2013,1313,ASSAULT - DV,Simple Assault,lowry-field
9/28/2013,2399,THEFT - OTHER,Larceny,northeast-park-hill
6/20/2014,2202,BURGLARY - RESIDENCE BY FORCE,Burglary,west-colfax
12/19/2013,2203,BURGLARY - BUSINESS BY FORCE,Burglary,valverde
8/24/2015,2399,THEFT - OTHER,Larceny,overland
9/30/2013,2999,CRIMINAL MISCHIEF - MTR VEH,Criminal Mischief-Vehicle,lowry-field
4/27/2016,1202,ROBBERY - BUSINESS,Robbery-Business,northeast-park-hill
8/28/2014,1313,ASSAULT - SIMPLE,Simple Assault,globeville
5/22/2014,2205,BURGLARY - BUSINESS NO FORCE,Burglary,platt-park
5/30/2014,2203,BURGLARY - BUSINESS BY FORCE,Burglary,capitol-hill
3/5/2016,2203,BURGLARY - BUSINESS BY FORCE,Burglary,sun-valley
6/8/2014,2999,CRIMINAL MISCHIEF - OTHER,Criminal Mischief-Property,highland
5/1/2012,1208,ROBBERY - RESIDENCE,Robbery-Street-Res,montbello
3/30/2012,2203,BURGLARY - BUSINESS BY FORCE,Burglary,valverde
3/27/2012,2203,BURGLARY - BUSINESS BY FORCE,Burglary,cole
4/25/2012,2999,CRIMINAL MISCHIEF - OTHER,Criminal Mischief-Property,elyria-swansea
7/4/2012,2203,BURGLARY - BUSINESS BY FORCE,Burglary,elyria-swansea
7/1/2012,2305,THEFT - ITEMS FROM VEHICLE,Theft from Motor Vehicle,university-hills
3/14/2012,2305,THEFT - ITEMS FROM VEHICLE,Theft from Motor Vehicle,valverde
5/1/2012,2203,BURGLARY - BUSINESS BY FORCE,Burglary,goldsmith
5/1/2012,2203,BURGLARY - BUSINESS BY FORCE,Burglary,wellshire
3/23/2012,2999,CRIMINAL MISCHIEF - OTHER,Criminal Mischief-Property,east-colfax
3/23/2012,2203,BURGLARY - BUSINESS BY FORCE,Burglary,cheesman-park
1/16/2012,2203,BURGLARY - BUSINESS BY FORCE,Burglary,city-park-west
5/16/2012,2203,BURGLARY - BUSINESS BY FORCE,Burglary,washington-park-west
1/18/2012,2203,BURGLARY - BUSINESS BY FORCE,Burglary,city-park-west
4/30/2012,2203,BURGLARY - BUSINESS BY FORCE,Burglary,cherry-creek
5/14/2012,2204,BURGLARY - RESIDENCE NO FORCE,Burglary,north-park-hill
4/27/2012,2999,CRIMINAL MISCHIEF - OTHER,Criminal Mischief-Property,athmar-park
6/20/2012,2203,BURGLARY - BUSINESS BY FORCE,Burglary,ruby-hill
3/14/2012,2204,BURGLARY - RESIDENCE NO FORCE,Burglary,valverde
3/28/2012,2203,BURGLARY - BUSINESS BY FORCE,Burglary,cherry-creek
6/19/2012,2203,BURGLARY - BUSINESS BY FORCE,Burglary,east-colfax
4/15/2012,1315,AGGRAVATED ASSAULT,Agg ASLT-Other,overland
1/16/2012,2203,BURGLARY - BUSINESS BY FORCE,Burglary,elyria-swansea
4/27/2012,2203,BURGLARY - BUSINESS BY FORCE,Burglary,athmar-park
6/22/2012,2999,CRIMINAL MISCHIEF - OTHER,Criminal Mischief-Property,west-highland
5/9/2012,2203,BURGLARY - BUSINESS BY FORCE,Burglary,washington-virginia-vale
4/2/2012,2999,CRIMINAL MISCHIEF - OTHER,Criminal Mischief-Property,baker
4/2/2012,2203,BURGLARY - BUSINESS BY FORCE,Burglary,washington-park
4/28/2012,2202,BURGLARY - RESIDENCE BY FORCE,Burglary,indian-creek
3/31/2012,1315,AGGRAVATED ASSAULT,Agg ASLT-Other,capitol-hill
3/22/2012,2203,BURGLARY - BUSINESS BY FORCE,Burglary,northeast-park-hill
3/23/2012,2205,BURGLARY - BUSINESS NO FORCE,Burglary,lincoln-park
3/17/2012,2203,BURGLARY - BUSINESS BY FORCE,Burglary,west-highland
5/14/2012,2203,BURGLARY - BUSINESS BY FORCE,Burglary,five-points
5/14/2012,2203,BURGLARY - BUSINESS BY FORCE,Burglary,platt-park
10/15/2012,2203,BURGLARY - BUSINESS BY FORCE,Burglary,baker
7/28/2012,2205,BURGLARY - BUSINESS NO FORCE,Burglary,cole
7/26/2012,2203,BURGLARY - BUSINESS BY FORCE,Burglary,athmar-park
8/20/2012,2203,BURGLARY - BUSINESS BY FORCE,Burglary,elyria-swansea
8/20/2012,2203,BURGLARY - BUSINESS BY FORCE,Burglary,lincoln-park
9/14/2012,2399,THEFT - OTHER,Larceny,montbello
12/31/2012,2203,BURGLARY - BUSINESS BY FORCE,Burglary,washington-virginia-vale
4/11/2012,2203,BURGLARY - BUSINESS BY FORCE,Burglary,university
4/11/2012,2203,BURGLARY - BUSINESS BY FORCE,Burglary,capitol-hill
10/18/2012,2203,BURGLARY - BUSINESS BY FORCE,Burglary,sun-valley
12/3/2012,2204,BURGLARY - RESIDENCE NO FORCE,Burglary,villa-park
5/23/2012,2404,THEFT - OF MOTOR VEHICLE,Auto Theft,northeast-park-hill
8/19/2012,2203,BURGLARY - BUSINESS BY FORCE,Burglary,valverde
10/13/2012,2203,BURGLARY - BUSINESS BY FORCE,Burglary,elyria-swansea
10/23/2012,2404,THEFT - OF MOTOR VEHICLE,Auto Theft,union-station
9/28/2012,2203,BURG/AUTO THEFT-BUSN W/ FORCE,Burglary,hampden-south
7/18/2012,2203,BURGLARY - BUSINESS BY FORCE,Burglary,wellshire
8/13/2012,2308,THEFT - FROM BLDG,Larceny,athmar-park
8/25/2012,1205,ROBBERY - STREET,Robbery-Street-Res,mar-lee
11/28/2012,2999,CRIMINAL MISCHIEF - OTHER,Criminal Mischief-Property,globeville
10/29/2012,2404,THEFT - OF MOTOR VEHICLE,Auto Theft,elyria-swansea
2/10/2012,2202,BURGLARY - RESIDENCE BY FORCE,Burglary,city-park-west
2/26/2012,2203,BURGLARY - BUSINESS BY FORCE,Burglary,college-view-south-platte
6/1/2012,2999,CRIMINAL MISCHIEF - OTHER,Criminal Mischief-Property,elyria-swansea
10/18/2012,2204,BURGLARY - RESIDENCE NO FORCE,Burglary,gateway-green-valley-ranch
1/29/2012,2399,THEFT - OTHER,Larceny,union-station
5/8/2013,2399,THEFT - OTHER,Larceny,washington-virginia-vale
4/18/2013,2203,BURGLARY - BUSINESS BY FORCE,Burglary,overland
8/24/2012,2203,BURGLARY - BUSINESS BY FORCE,Burglary,elyria-swansea
3/14/2012,1205,ROBBERY - STREET,Robbery-Street-Res,civic-center
5/28/2014,2203,BURGLARY - BUSINESS BY FORCE,Burglary,elyria-swansea
6/22/2012,2203,BURGLARY - BUSINESS BY FORCE,Burglary,athmar-park
6/23/2012,2203,BURGLARY - BUSINESS BY FORCE,Burglary,virginia-village
9/14/2014,1205,ROBBERY - STREET,Robbery-Street-Res,union-station
10/3/2014,2203,BURGLARY - BUSINESS BY FORCE,Burglary,elyria-swansea
6/26/2014,2399,THEFT - OTHER,Larceny,villa-park
1/12/2013,1205,ROBBERY - STREET,Robbery-Street-Res,hampden
4/23/2013,2203,BURGLARY - BUSINESS BY FORCE,Burglary,five-points
4/23/2013,2999,CRIMINAL MISCHIEF - OTHER,Criminal Mischief-Property,overland
8/19/2012,2204,BURGLARY - RESIDENCE NO FORCE,Burglary,montbello
1/20/2014,2205,BURGLARY - BUSINESS NO FORCE,Burglary,sunnyside
3/21/2014,2399,THEFT - OTHER,Larceny,globeville
5/8/2014,2202,BURGLARY - RESIDENCE BY FORCE,Burglary,montbello
10/25/2014,2205,BURGLARY - BUSINESS NO FORCE,Burglary,sunnyside
10/23/2014,2203,BURGLARY - BUSINESS BY FORCE,Burglary,hampden
3/31/2014,2305,THEFT - ITEMS FROM VEHICLE,Theft from Motor Vehicle,university-hills
3/24/2014,2203,BURGLARY - BUSINESS BY FORCE,Burglary,west-highland
2/14/2012,1316,THREATS TO INJURE,All Other Crimes,university-hills
6/22/2013,2203,BURGLARY - BUSINESS BY FORCE,Burglary,montclair
6/22/2013,2206,BURGLARY - POSS. OF TOOLS,All Other Crimes,montclair
9/22/2014,2203,BURGLARY - BUSINESS BY FORCE,Burglary,lincoln-park
7/8/2014,2203,BURGLARY - BUSINESS BY FORCE,Burglary,valverde
3/31/2014,1205,ROBBERY - STREET,Robbery-Street-Res,northeast-park-hill
10/21/2014,2202,BURGLARY - RESIDENCE BY FORCE,Burglary,clayton
12/5/2014,2303,THEFT - SHOPLIFT,Larceny,cory-merrill
12/5/2014,2202,BURGLARY - RESIDENCE BY FORCE,Burglary,west-colfax
8/28/2014,2204,BURGLARY - RESIDENCE NO FORCE,Burglary,five-points
9/3/2014,2404,THEFT - OF MOTOR VEHICLE,Auto Theft,ruby-hill
5/8/2014,2399,THEFT - OTHER,Larceny,cbd
8/28/2014,2999,CRIMINAL MISCHIEF - OTHER,Criminal Mischief-Property,globeville
4/16/2014,2203,BURGLARY - BUSINESS BY FORCE,Burglary,overland
8/1/2014,2999,CRIMINAL MISCHIEF - OTHER,Criminal Mischief-Property,lincoln-park
3/26/2015,2203,BURGLARY - BUSINESS BY FORCE,Burglary,villa-park
2/27/2015,2203,BURGLARY - BUSINESS BY FORCE,Burglary,lincoln-park
8/23/2014,2203,BURGLARY - BUSINESS BY FORCE,Burglary,ruby-hill
6/1/2014,2203,BURGLARY - BUSINESS BY FORCE,Burglary,athmar-park
1/22/2014,2699,DRUG - FRAUD TO OBTAIN,All Other Crimes,elyria-swansea
8/29/2014,2303,THEFT - SHOPLIFT,Larceny,platt-park
4/16/2014,1205,ROBBERY - STREET,Robbery-Street-Res,west-colfax
1/17/2014,2203,BURGLARY - BUSINESS BY FORCE,Burglary,overland
9/9/2014,2589,FORGERY - OTHER,All Other Crimes,northeast-park-hill
6/24/2014,2203,BURGLARY - BUSINESS BY FORCE,Burglary,sunnyside
4/28/2014,2999,CRIMINAL MISCHIEF - OTHER,Criminal Mischief-Property,globeville
1/3/2014,2203,BURGLARY - BUSINESS BY FORCE,Burglary,elyria-swansea
10/1/2014,2203,BURGLARY - BUSINESS BY FORCE,Burglary,college-view-south-platte
4/14/2015,2202,BURGLARY - RESIDENCE BY FORCE,Burglary,sunnyside
9/28/2014,2399,THEFT - OTHER,Larceny,berkeley
9/20/2014,2203,BURGLARY - BUSINESS BY FORCE,Burglary,elyria-swansea
2/1/2014,2203,BURGLARY - BUSINESS BY FORCE,Burglary,virginia-village
6/25/2014,1205,ROBBERY - STREET,Robbery-Street-Res,montbello
9/28/2014,1315,AGGRAVATED ASSAULT,Agg ASLT-Other,westwood
4/18/2014,2203,BURGLARY - BUSINESS BY FORCE,Burglary,globeville
7/12/2014,2203,BURGLARY - BUSINESS BY FORCE,Burglary,valverde
6/9/2014,2205,BURGLARY - BUSINESS NO FORCE,Burglary,montbello
10/24/2014,2308,THEFT - FROM BLDG,Larceny,overland
7/18/2014,2399,THEFT - OTHER,Larceny,marston
8/29/2014,2203,BURGLARY - BUSINESS BY FORCE,Burglary,northeast-park-hill
10/4/2014,2203,BURGLARY - BUSINESS BY FORCE,Burglary,overland
5/31/2014,2203,BURGLARY - BUSINESS BY FORCE,Burglary,platt-park
4/19/2014,2203,BURGLARY - BUSINESS BY FORCE,Burglary,elyria-swansea
4/24/2014,1205,ROBBERY - STREET,Robbery-Street-Res,hampden-south
11/28/2014,2203,BURGLARY - BUSINESS BY FORCE,Burglary,overland
6/2/2014,1316,THREATS TO INJURE,All Other Crimes,athmar-park
6/28/2014,2399,THEFT - OTHER,Larceny,valverde
6/10/2014,2204,BURGLARY - RESIDENCE NO FORCE,Burglary,capitol-hill
7/18/2014,1205,ROBBERY - STREET,Robbery-Street-Res,civic-center
5/7/2014,2204,BURGLARY - RESIDENCE NO FORCE,Burglary,villa-park
1/11/2013,2308,THEFT - FROM BLDG,Larceny,capitol-hill
4/16/2013,2203,BURGLARY - BUSINESS BY FORCE,Burglary,valverde
6/7/2013,2203,BURG/AUTO THEFT-BUSN W/ FORCE,Burglary,athmar-park
12/13/2014,1205,ROBBERY - STREET,Robbery-Street-Res,villa-park
10/28/2014,2399,THEFT - OTHER,Larceny,baker
8/18/2014,2202,BURGLARY - RESIDENCE BY FORCE,Burglary,villa-park
5/2/2015,2203,BURGLARY - BUSINESS BY FORCE,Burglary,overland
5/17/2015,1205,ROBBERY - STREET,Robbery-Street-Res,five-points
6/29/2015,2404,THEFT - OF MOTOR VEHICLE,Auto Theft,lincoln-park
6/26/2015,2399,THEFT - OTHER,Larceny,valverde
9/6/2015,2203,BURGLARY - BUSINESS BY FORCE,Burglary,lincoln-park
1/13/2015,2202,BURGLARY - RESIDENCE BY FORCE,Burglary,villa-park
2/12/2014,1202,ROBBERY - BUSINESS,Robbery-Business,five-points
1/7/2014,2203,BURGLARY - BUSINESS BY FORCE,Burglary,valverde
1/3/2014,2999,CRIMINAL MISCHIEF - OTHER,Criminal Mischief-Property,athmar-park
8/6/2014,2399,THEFT - OTHER,Larceny,chaffee-park
8/23/2015,2203,BURGLARY - BUSINESS BY FORCE,Burglary,lincoln-park
1/5/2014,2203,BURGLARY - BUSINESS BY FORCE,Burglary,rosedale
1/3/2014,2203,BURGLARY - BUSINESS BY FORCE,Burglary,athmar-park
6/10/2015,2203,BURGLARY - BUSINESS BY FORCE,Burglary,cole
8/17/2015,2999,CRIMINAL MISCHIEF - OTHER,Criminal Mischief-Property,ruby-hill
4/29/2015,2203,BURGLARY - BUSINESS BY FORCE,Burglary,overland
3/24/2016,2005,ARSON - BUSINESS,All Other Crimes,east-colfax
11/8/2015,2308,THEFT - FROM BLDG,Larceny,city-park-west
12/1/2014,2202,BURGLARY - RESIDENCE BY FORCE,Burglary,westwood
5/14/2014,2203,BURGLARY - BUSINESS BY FORCE,Burglary,globeville
10/13/2013,2202,BURGLARY - RESIDENCE BY FORCE,Burglary,gateway-green-valley-ranch
2/14/2015,2203,BURGLARY - BUSINESS BY FORCE,Burglary,five-points
8/13/2014,2203,BURGLARY - BUSINESS BY FORCE,Burglary,valverde
9/25/2015,2999,CRIMINAL MISCHIEF - OTHER,Criminal Mischief-Property,athmar-park
8/17/2014,1202,ROBBERY - BUSINESS,Robbery-Business,five-points
2/25/2013,2203,BURGLARY - BUSINESS BY FORCE,Burglary,washington-park-west
9/27/2013,1205,ROBBERY - STREET,Robbery-Street-Res,marston
1/9/2014,1205,ROBBERY - STREET,Robbery-Street-Res,east-colfax
12/16/2013,2303,THEFT - SHOPLIFT,Larceny,civic-center
9/12/2013,2999,CRIMINAL MISCHIEF - OTHER,Criminal Mischief-Property,mar-lee
12/18/2014,2303,THEFT - SHOPLIFT,Larceny,cbd
5/10/2015,2203,BURGLARY - BUSINESS BY FORCE,Burglary,elyria-swansea
7/14/2014,2202,BURGLARY - RESIDENCE BY FORCE,Burglary,athmar-park
2/7/2016,2204,BURGLARY - RESIDENCE NO FORCE,Burglary,skyland
2/15/2014,2203,BURGLARY - BUSINESS BY FORCE,Burglary,five-points
3/8/2016,2202,BURGLARY - RESIDENCE BY FORCE,Burglary,athmar-park
1/27/2015,2206,BURGLARY - POSS. OF TOOLS,All Other Crimes,globeville
2/19/2015,2399,THEFT - OTHER,Larceny,elyria-swansea
2/2/2013,2202,BURGLARY - RESIDENCE BY FORCE,Burglary,sloan-lake
9/5/2013,2203,BURGLARY - BUSINESS BY FORCE,Burglary,overland
9/2/2013,2203,BURGLARY - BUSINESS BY FORCE,Burglary,globeville
12/23/2013,5309,HARASSMENT,All Other Crimes,elyria-swansea
2/1/2016,2203,BURGLARY - BUSINESS BY FORCE,Burglary,elyria-swansea
10/21/2014,1205,ROBBERY - STREET,Robbery-Street-Res,east-colfax
5/26/2015,2203,BURGLARY - BUSINESS BY FORCE,Burglary,athmar-park
10/24/2014,2203,BURGLARY - BUSINESS BY FORCE,Burglary,ruby-hill
9/8/2015,2203,BURGLARY - BUSINESS BY FORCE,Burglary,platt-park
1/17/2014,2203,BURGLARY - BUSINESS BY FORCE,Burglary,sunnyside
3/7/2015,2203,BURGLARY - BUSINESS BY FORCE,Burglary,lincoln-park
10/2/2014,2308,THEFT - FROM BLDG,Larceny,speer
3/21/2014,2999,CRIMINAL MISCHIEF - OTHER,Criminal Mischief-Property,west-colfax
12/3/2013,2999,CRIMINAL MISCHIEF - OTHER,Criminal Mischief-Property,platt-park
4/4/2014,2205,BURGLARY - BUSINESS NO FORCE,Burglary,elyria-swansea
6/14/2014,2203,BURGLARY - BUSINESS BY FORCE,Burglary,elyria-swansea
6/11/2015,2305,THEFT - ITEMS FROM VEHICLE,Theft from Motor Vehicle,five-points
10/3/2014,2203,BURGLARY - BUSINESS BY FORCE,Burglary,globeville
9/11/2013,2203,BURGLARY - BUSINESS BY FORCE,Burglary,lincoln-park
3/9/2015,2203,BURGLARY - BUSINESS BY FORCE,Burglary,platt-park
11/9/2014,2308,THEFT - FROM BLDG,Larceny,elyria-swansea
7/13/2015,1205,ROBBERY - STREET,Robbery-Street-Res,montbello
11/18/2013,2203,BURGLARY - BUSINESS BY FORCE,Burglary,elyria-swansea
4/5/2014,2202,BURGLARY - RESIDENCE BY FORCE,Burglary,university
7/22/2015,2202,BURGLARY - RESIDENCE BY FORCE,Burglary,regis
10/6/2015,2308,THEFT - FROM BLDG,Larceny,overland
7/9/2014,1313,ASSAULT - SIMPLE,Simple Assault,five-points
9/1/2013,2203,BURGLARY - BUSINESS BY FORCE,Burglary,baker
10/23/2013,2399,THEFT - OTHER,Larceny,washington-park-west
3/31/2016,1205,ROBBERY - STREET,Robbery-Street-Res,east-colfax
3/28/2015,2203,BURGLARY - BUSINESS BY FORCE,Burglary,valverde
10/8/2015,5312,DISTURBING THE PEACE,All Other Crimes,washington-park-west
3/25/2016,2202,BURGLARY - RESIDENCE BY FORCE,Burglary,cole
12/26/2015,2203,BURGLARY - BUSINESS BY FORCE,Burglary,marston
7/13/2014,2999,CRIMINAL MISCHIEF - OTHER,Criminal Mischief-Property,five-points
7/31/2014,2399,THEFT - OTHER,Larceny,cherry-creek
3/4/2015,2203,BURGLARY - BUSINESS BY FORCE,Burglary,overland
10/14/2015,1315,AGGRAVATED ASSAULT,Agg ASLT-Firearm,westwood
2/6/2013,1205,ROBBERY - STREET,Robbery-Street-Res,civic-center
2/4/2013,2308,THEFT - FROM BLDG,Larceny,northeast-park-hill
4/20/2016,2203,BURGLARY - BUSINESS BY FORCE,Burglary,college-view-south-platte
6/6/2015,2203,BURGLARY - BUSINESS BY FORCE,Burglary,montclair
9/18/2013,2205,BURGLARY - BUSINESS NO FORCE,Burglary,college-view-south-platte
9/21/2014,1315,AGGRAVATED ASSAULT,Agg ASLT-Other,east-colfax
9/18/2013,2203,BURGLARY - BUSINESS BY FORCE,Burglary,sunnyside
5/7/2014,2399,THEFT - OTHER,Larceny,baker
9/7/2013,2203,BURGLARY - BUSINESS BY FORCE,Burglary,montclair
12/5/2014,2203,BURGLARY - BUSINESS BY FORCE,Burglary,valverde
1/6/2015,1315,AGGRAVATED ASSAULT,Agg ASLT-Firearm,east-colfax
7/7/2015,2305,THEFT - ITEMS FROM VEHICLE,Theft from Motor Vehicle,montbello
1/5/2016,2205,BURGLARY - BUSINESS NO FORCE,Burglary,sun-valley
10/31/2015,2202,BURGLARY - RESIDENCE BY FORCE,Burglary,washington-virginia-vale
3/29/2015,2203,BURGLARY - BUSINESS BY FORCE,Burglary,baker
6/2/2014,5312,DISTURBING THE PEACE,All Other Crimes,athmar-park
7/2/2014,1202,ROBBERY - BUSINESS,Robbery-Business,platt-park
1/29/2015,5707,CRIMINAL TRESPASSING,All Other Crimes,sunnyside
3/18/2016,2203,BURGLARY - BUSINESS BY FORCE,Burglary,university-hills
12/5/2013,2609,FRAUD - BY USE OF COMPUTER,All Other Crimes,sunnyside
1/2/2015,2206,BURGLARY - POSS. OF TOOLS,All Other Crimes,lincoln-park
12/24/2013,2203,BURGLARY - BUSINESS BY FORCE,Burglary,northeast-park-hill
7/19/2014,2305,THEFT - ITEMS FROM VEHICLE,Theft from Motor Vehicle,hampden-south
12/24/2013,2202,BURGLARY - RESIDENCE BY FORCE,Burglary,east-colfax
9/13/2015,2999,CRIMINAL MISCHIEF - OTHER,Criminal Mischief-Property,highland
6/9/2015,2305,THEFT - ITEMS FROM VEHICLE,Theft from Motor Vehicle,rosedale
6/24/2015,2203,BURGLARY - BUSINESS BY FORCE,Burglary,globeville
11/28/2013,2305,THEFT - ITEMS FROM VEHICLE,Theft from Motor Vehicle,baker
2/20/2016,2203,BURGLARY - BUSINESS BY FORCE,Burglary,ruby-hill
2/5/2013,2203,BURGLARY - BUSINESS BY FORCE,Burglary,five-points
1/30/2013,2202,BURGLARY - RESIDENCE BY FORCE,Burglary,gateway-green-valley-ranch
6/17/2015,2203,BURGLARY - BUSINESS BY FORCE,Burglary,globeville
4/2/2014,2203,BURGLARY - BUSINESS BY FORCE,Burglary,montbello
9/30/2013,2399,THEFT - OTHER,Larceny,lowry-field
6/5/2014,2202,BURGLARY - RESIDENCE BY FORCE,Burglary,congress-park
6/26/2015,1208,ROBBERY - RESIDENCE,Robbery-Street-Res,berkeley
12/29/2013,1202,ROBBERY - BUSINESS,Robbery-Business,capitol-hill
2/29/2016,2203,BURGLARY - BUSINESS BY FORCE,Burglary,goldsmith
9/24/2013,2203,BURGLARY - BUSINESS BY FORCE,Burglary,athmar-park
11/21/2015,2203,BURGLARY - BUSINESS BY FORCE,Burglary,sunnyside
2/10/2014,2203,BURGLARY - BUSINESS BY FORCE,Burglary,elyria-swansea
12/27/2013,7399,PUBLIC ORDER CRIMES - OTHER,All Other Crimes,lincoln-park
11/18/2015,2203,BURGLARY - BUSINESS BY FORCE,Burglary,hampden
2/5/2013,2203,BURGLARY - BUSINESS BY FORCE,Burglary,baker
4/13/2014,2203,BURGLARY - BUSINESS BY FORCE,Burglary,baker
7/14/2012,2203,BURGLARY - BUSINESS BY FORCE,Burglary,goldsmith
9/27/2015,2203,BURGLARY - BUSINESS BY FORCE,Burglary,overland
11/21/2014,2203,BURGLARY - BUSINESS BY FORCE,Burglary,valverde
10/8/2013,2203,BURGLARY - BUSINESS BY FORCE,Burglary,elyria-swansea
3/19/2013,2399,THEFT - OTHER,Larceny,northeast-park-hill
5/14/2014,2999,CRIMINAL MISCHIEF - OTHER,Criminal Mischief-Property,globeville
12/23/2013,2203,BURGLARY - BUSINESS BY FORCE,Burglary,elyria-swansea
12/4/2012,1315,MENACING - FELONY W/WEAP,Agg ASLT-Firearm,globeville
3/12/2013,2203,BURGLARY - BUSINESS BY FORCE,Burglary,ruby-hill
9/7/2013,1208,ROBBERY - RESIDENCE,Robbery-Street-Res,college-view-south-platte
2/2/2013,2305,THEFT - ITEMS FROM VEHICLE,Theft from Motor Vehicle,university
12/23/2015,5707,CRIMINAL TRESPASSING,All Other Crimes,sun-valley
12/5/2015,2404,THEFT - OF MOTOR VEHICLE,Auto Theft,east-colfax
5/4/2012,2203,BURGLARY - BUSINESS BY FORCE,Burglary,university-hills
5/8/2012,1205,ROBBERY - STREET,Robbery-Street-Res,five-points
5/10/2012,1205,ROBBERY - STREET,Robbery-Street-Res,west-colfax
1/9/2015,2203,BURGLARY - BUSINESS BY FORCE,Burglary,cheesman-park
7/8/2015,2203,BURGLARY - BUSINESS BY FORCE,Burglary,baker
2/7/2012,2203,BURGLARY - BUSINESS BY FORCE,Burglary,east-colfax
5/31/2014,2202,BURGLARY - RESIDENCE BY FORCE,Burglary,washington-virginia-vale
12/27/2012,2399,THEFT - OTHER,Larceny,baker
6/18/2014,2202,BURGLARY - RESIDENCE BY FORCE,Burglary,hampden-south
2/22/2013,2203,BURGLARY - BUSINESS BY FORCE,Burglary,overland
3/28/2013,2999,CRIMINAL MISCHIEF - OTHER,Criminal Mischief-Property,sun-valley
12/30/2012,2203,BURGLARY - BUSINESS BY FORCE,Burglary,goldsmith
10/29/2012,2999,CRIMINAL MISCHIEF - MTR VEH,Criminal Mischief-Vehicle,elyria-swansea
11/13/2012,2204,BURGLARY - RESIDENCE NO FORCE,Burglary,montbello
2/26/2014,2308,THEFT - FROM BLDG,Larceny,hampden
5/3/2015,1205,ROBBERY - STREET,Robbery-Street-Res,congress-park
11/2/2012,2203,BURGLARY - BUSINESS BY FORCE,Burglary,valverde
1/18/2014,2203,BURGLARY - BUSINESS BY FORCE,Burglary,platt-park
6/24/2014,2203,BURGLARY - BUSINESS BY FORCE,Burglary,montbello
2/3/2014,2999,CRIMINAL MISCHIEF - OTHER,Criminal Mischief-Property,university-hills
8/10/2014,2203,BURGLARY - BUSINESS BY FORCE,Burglary,goldsmith
3/14/2014,2203,BURGLARY - BUSINESS BY FORCE,Burglary,valverde
1/24/2012,2203,BURGLARY - BUSINESS BY FORCE,Burglary,valverde
2/20/2012,1208,ROBBERY - RESIDENCE,Robbery-Street-Res,westwood
3/8/2013,2202,BURGLARY - RESIDENCE BY FORCE,Burglary,platt-park
3/11/2012,2203,BURGLARY - BUSINESS BY FORCE,Burglary,south-park-hill
4/14/2014,2303,THEFT - SHOPLIFT,Larceny,baker
9/6/2013,1205,ROBBERY - STREET,Robbery-Street-Res,cbd
3/29/2012,2203,BURGLARY - BUSINESS BY FORCE,Burglary,rosedale
4/14/2015,2203,BURGLARY - BUSINESS BY FORCE,Burglary,overland
6/10/2014,2203,BURGLARY - BUSINESS BY FORCE,Burglary,goldsmith
12/31/2013,2399,THEFT - OTHER,Larceny,montbello
7/8/2015,2203,BURGLARY - BUSINESS BY FORCE,Burglary,washington-virginia-vale
10/17/2013,1208,ROBBERY - RESIDENCE,Robbery-Street-Res,south-park-hill
12/16/2013,2203,BURGLARY - BUSINESS BY FORCE,Burglary,overland
10/20/2014,1205,ROBBERY - STREET,Robbery-Street-Res,montbello
4/13/2015,2399,THEFT - OTHER,Larceny,capitol-hill
3/24/2014,2203,BURGLARY - BUSINESS BY FORCE,Burglary,sunnyside
11/18/2013,1208,ROBBERY - RESIDENCE,Robbery-Street-Res,cole
3/19/2014,2399,THEFT - OTHER,Larceny,windsor
7/16/2012,2399,THEFT - OTHER,Larceny,five-points
3/15/2012,2203,BURGLARY - BUSINESS BY FORCE,Burglary,cole
3/24/2012,1205,ROBBERY - STREET,Robbery-Street-Res,civic-center
1/17/2013,2308,THEFT - FROM BLDG,Larceny,baker
12/1/2012,2203,BURGLARY - BUSINESS BY FORCE,Burglary,athmar-park
11/24/2015,2202,BURGLARY - RESIDENCE BY FORCE,Burglary,city-park-west
11/3/2012,2203,BURGLARY - BUSINESS BY FORCE,Burglary,virginia-village
1/19/2014,2203,BURGLARY - BUSINESS BY FORCE,Burglary,globeville
5/1/2012,2203,BURGLARY - BUSINESS BY FORCE,Burglary,hampden-south
5/2/2012,2203,BURGLARY - BUSINESS BY FORCE,Burglary,wellshire
6/21/2013,2202,BURGLARY - RESIDENCE BY FORCE,Burglary,hampden
5/12/2013,1205,ROBBERY - STREET,Robbery-Street-Res,hilltop
5/11/2012,2204,BURGLARY - RESIDENCE NO FORCE,Burglary,gateway-green-valley-ranch
7/8/2013,2205,BURGLARY - BUSINESS NO FORCE,Burglary,baker
12/23/2013,2203,BURGLARY - BUSINESS BY FORCE,Burglary,elyria-swansea
3/22/2012,2203,BURGLARY - BUSINESS BY FORCE,Burglary,elyria-swansea
1/10/2013,2399,THEFT - OTHER,Larceny,skyland
5/1/2012,2203,BURGLARY - BUSINESS BY FORCE,Burglary,hampden-south
8/7/2013,2202,BURGLARY - RESIDENCE BY FORCE,Burglary,athmar-park
5/12/2012,1202,ROBBERY - BUSINESS,Robbery-Business,regis
3/29/2012,2203,BURGLARY - BUSINESS BY FORCE,Burglary,college-view-south-platte
2/12/2016,2203,BURGLARY - BUSINESS BY FORCE,Burglary,college-view-south-platte
3/20/2012,2305,THEFT - ITEMS FROM VEHICLE,Theft from Motor Vehicle,overland
7/14/2012,2399,THEFT - OTHER,Larceny,overland
7/20/2013,2308,THEFT - FROM BLDG,Larceny,globeville
8/13/2013,1313,ASSAULT - SIMPLE,Simple Assault,montbello
4/15/2014,2203,BURGLARY - BUSINESS BY FORCE,Burglary,lincoln-park
12/20/2013,2203,BURGLARY - BUSINESS BY FORCE,Burglary,baker
6/24/2013,2204,BURGLARY - RESIDENCE NO FORCE,Burglary,villa-park
5/8/2012,2203,BURGLARY - BUSINESS BY FORCE,Burglary,berkeley
6/1/2013,2308,THEFT - FROM BLDG,Larceny,college-view-south-platte
7/2/2013,2203,BURGLARY - BUSINESS BY FORCE,Burglary,hale
1/31/2013,2399,THEFT - OTHER,Larceny,northeast-park-hill
2/27/2012,2399,THEFT - OTHER,Larceny,highland
4/13/2013,2204,BURGLARY - RESIDENCE NO FORCE,Burglary,cole
12/13/2012,2399,THEFT - OTHER,Larceny,montclair
12/14/2012,1205,ROBBERY - STREET,Robbery-Street-Res,globeville
12/14/2012,2203,BURGLARY - BUSINESS BY FORCE,Burglary,overland
5/4/2012,2202,BURG/AUTO THEFT-RESD W/ FORCE,Burglary,cheesman-park
5/7/2012,2999,CRIMINAL MISCHIEF - OTHER,Criminal Mischief-Property,fort-logan
5/7/2012,2203,BURGLARY - BUSINESS BY FORCE,Burglary,sunnyside
5/30/2012,2399,THEFT - OTHER,Larceny,elyria-swansea
4/17/2012,2005,ARSON - BUSINESS,All Other Crimes,barnum
3/4/2012,1208,ROBBERY - RESIDENCE,Robbery-Street-Res,virginia-village
10/15/2013,2202,BURGLARY - RESIDENCE BY FORCE,Burglary,gateway-green-valley-ranch
5/6/2013,1205,ROBBERY - STREET,Robbery-Street-Res,five-points
1/15/2012,2203,BURGLARY - BUSINESS BY FORCE,Burglary,university
4/6/2012,2203,BURGLARY - BUSINESS BY FORCE,Burglary,washington-park-west
1/7/2012,2203,BURGLARY - BUSINESS BY FORCE,Burglary,city-park-west
4/15/2013,2204,BURGLARY - RESIDENCE NO FORCE,Burglary,washington-virginia-vale
8/2/2013,1315,AGGRAVATED ASSAULT,Agg ASLT-Other,civic-center
12/14/2013,2203,BURGLARY - BUSINESS BY FORCE,Burglary,baker
8/12/2012,2999,CRIMINAL MISCHIEF - OTHER,Criminal Mischief-Property,capitol-hill
9/10/2013,2202,BURGLARY - RESIDENCE BY FORCE,Burglary,valverde
4/19/2013,2203,BURGLARY - BUSINESS BY FORCE,Burglary,washington-virginia-vale
11/1/2012,2203,BURGLARY - BUSINESS BY FORCE,Burglary,sloan-lake
6/6/2013,2999,CRIMINAL MISCHIEF - OTHER,Criminal Mischief-Property,barnum-west
5/1/2013,2203,BURGLARY - BUSINESS BY FORCE,Burglary,five-points
3/7/2013,2203,BURGLARY - BUSINESS BY FORCE,Burglary,cole
11/24/2012,2203,BURGLARY - BUSINESS BY FORCE,Burglary,overland
1/3/2012,2203,BURGLARY - BUSINESS BY FORCE,Burglary,elyria-swansea
5/25/2012,2203,BURGLARY - BUSINESS BY FORCE,Burglary,overland
2/23/2013,1208,ROBBERY - RESIDENCE,Robbery-Street-Res,overland
8/20/2012,2203,BURGLARY - BUSINESS BY FORCE,Burglary,sun-valley
1/10/2014,2204,BURGLARY - RESIDENCE NO FORCE,Burglary,cole
7/13/2014,1316,THREATS TO INJURE,All Other Crimes,five-points
2/15/2012,5312,DISTURBING THE PEACE,All Other Crimes,capitol-hill
7/17/2012,2203,BURGLARY - BUSINESS BY FORCE,Burglary,rosedale
7/31/2013,1205,ROBBERY - STREET,Robbery-Street-Res,speer
4/1/2012,2203,BURGLARY - BUSINESS BY FORCE,Burglary,platt-park
1/3/2012,2203,BURGLARY - BUSINESS BY FORCE,Burglary,elyria-swansea
8/13/2012,2203,BURGLARY - BUSINESS BY FORCE,Burglary,athmar-park
6/19/2012,2203,BURGLARY - BUSINESS BY FORCE,Burglary,globeville
8/22/2012,2203,BURGLARY - BUSINESS BY FORCE,Burglary,elyria-swansea
8/20/2012,2399,THEFT - OTHER,Larceny,five-points
12/1/2013,2203,BURGLARY - BUSINESS BY FORCE,Burglary,northeast-park-hill
1/23/2013,2203,BURGLARY - BUSINESS BY FORCE,Burglary,elyria-swansea
4/24/2013,1316,THREATS TO INJURE,All Other Crimes,jefferson-park
3/25/2013,2203,BURGLARY - BUSINESS BY FORCE,Burglary,cory-merrill
5/14/2014,2999,CRIMINAL MISCHIEF - OTHER,Criminal Mischief-Property,stapleton
8/20/2012,2203,BURGLARY - BUSINESS BY FORCE,Burglary,overland
4/15/2014,1205,ROBBERY - STREET,Robbery-Street-Res,goldsmith
7/7/2013,2203,BURGLARY - BUSINESS BY FORCE,Burglary,montclair
9/30/2012,2203,BURGLARY - BUSINESS BY FORCE,Burglary,northeast-park-hill
5/24/2012,1315,AGGRAVATED ASSAULT,Agg ASLT-Other,cbd
6/14/2012,1208,ROBBERY - RESIDENCE,Robbery-Street-Res,highland
6/22/2014,2202,BURGLARY - RESIDENCE BY FORCE,Burglary,highland
6/22/2014,2305,THEFT - ITEMS FROM VEHICLE,Theft from Motor Vehicle,highland
7/18/2012,2999,CRIMINAL MISCHIEF - OTHER,Criminal Mischief-Property,east-colfax
8/26/2012,2203,BURGLARY - BUSINESS BY FORCE,Burglary,elyria-swansea
10/4/2012,2999,CRIMINAL MISCHIEF - OTHER,Criminal Mischief-Property,ruby-hill
5/26/2012,1205,ROBBERY - STREET,Robbery-Street-Res,north-park-hill
7/12/2012,2399,THEFT - OTHER,Larceny,cbd
4/3/2014,3563,DRUG - MARIJUANA CULTIVATION,Drug Offenses,washington-virginia-vale
7/1/2012,2204,BURG/AUTO THEFT-RESD NO FORCE,Burglary,university-hills
4/16/2012,2203,BURGLARY - BUSINESS BY FORCE,Burglary,elyria-swansea
9/27/2012,2203,BURGLARY - BUSINESS BY FORCE,Burglary,goldsmith
9/5/2012,2203,BURGLARY - BUSINESS BY FORCE,Burglary,valverde
1/17/2012,1205,ROBBERY - STREET,Robbery-Street-Res,kennedy
8/16/2012,2203,BURGLARY - BUSINESS BY FORCE,Burglary,goldsmith
2/26/2014,2203,BURGLARY - BUSINESS BY FORCE,Burglary,west-colfax
1/18/2012,1205,ROBBERY - STREET,Robbery-Street-Res,lincoln-park
1/17/2014,2203,BURGLARY - BUSINESS BY FORCE,Burglary,west-colfax
5/29/2012,2999,CRIMINAL MISCHIEF - OTHER,Criminal Mischief-Property,college-view-south-platte
9/10/2012,2203,BURGLARY - BUSINESS BY FORCE,Burglary,five-points
1/20/2012,2203,BURGLARY - BUSINESS BY FORCE,Burglary,globeville
7/12/2012,2203,BURGLARY - BUSINESS BY FORCE,Burglary,five-points
7/25/2013,2202,BURGLARY - RESIDENCE BY FORCE,Burglary,college-view-south-platte
7/1/2012,2204,BURGLARY - RESIDENCE NO FORCE,Burglary,northeast-park-hill
5/6/2013,2203,BURGLARY - BUSINESS BY FORCE,Burglary,washington-virginia-vale
5/6/2013,2203,BURGLARY - BUSINESS BY FORCE,Burglary,globeville
10/14/2012,2203,BURGLARY - BUSINESS BY FORCE,Burglary,ruby-hill
10/23/2012,1208,ROBBERY - RESIDENCE,Robbery-Street-Res,westwood
6/28/2013,1315,AGGRAVATED ASSAULT,Agg ASLT-Other,civic-center
7/19/2012,2999,CRIMINAL MISCHIEF - OTHER,Criminal Mischief-Property,ruby-hill
7/29/2012,2203,BURGLARY - BUSINESS BY FORCE,Burglary,elyria-swansea
6/19/2012,2399,THEFT - OTHER,Larceny,stapleton
10/2/2012,2203,BURGLARY - BUSINESS BY FORCE,Burglary,elyria-swansea
5/28/2012,1205,ROBBERY - STREET,Robbery-Street-Res,college-view-south-platte
6/18/2012,2203,BURGLARY - BUSINESS BY FORCE,Burglary,valverde
6/18/2012,2999,CRIMINAL MISCHIEF - OTHER,Criminal Mischief-Property,globeville
1/2/2014,2203,BURGLARY - BUSINESS BY FORCE,Burglary,speer
12/10/2013,2399,THEFT - OTHER,Larceny,cherry-creek
6/3/2016,2203,BURGLARY - BUSINESS BY FORCE,Burglary,college-view-south-platte
4/7/2016,5707,CRIMINAL TRESPASSING,All Other Crimes,washington-virginia-vale
8/14/2016,2203,BURGLARY - BUSINESS BY FORCE,Burglary,montbello
8/25/2016,2203,BURGLARY - BUSINESS BY FORCE,Burglary,overland
8/28/2016,2203,BURGLARY - BUSINESS BY FORCE,Burglary,cole
8/17/2016,2203,BURGLARY - BUSINESS BY FORCE,Burglary,elyria-swansea
6/3/2016,3560,DRUG - MARIJUANA SELL,Drug Offenses,virginia-village
10/17/2016,1315,AGGRAVATED ASSAULT,Agg ASLT-Firearm,harvey-park
8/9/2016,2203,BURGLARY - BUSINESS BY FORCE,Burglary,westwood
8/8/2016,2203,BURGLARY - BUSINESS BY FORCE,Burglary,washington-virginia-vale
7/1/2016,2203,BURGLARY - BUSINESS BY FORCE,Burglary,northeast-park-hill
8/8/2016,2203,BURGLARY - BUSINESS BY FORCE,Burglary,sun-valley
5/24/2016,2203,BURGLARY - BUSINESS BY FORCE,Burglary,ruby-hill
6/12/2016,2203,BURGLARY - BUSINESS BY FORCE,Burglary,indian-creek
2/9/2015,1208,ROBBERY - RESIDENCE,Robbery-Street-Res,barnum
1/11/2016,3562,DRUG - MARIJUANA POSSESS,Drug Offenses,washington-park-west
8/10/2016,2203,BURGLARY - BUSINESS BY FORCE,Burglary,globeville
5/24/2016,2999,CRIMINAL MISCHIEF - OTHER,Criminal Mischief-Property,overland
12/23/2015,2203,BURGLARY - BUSINESS BY FORCE,Burglary,sun-valley
12/23/2015,2999,CRIMINAL MISCHIEF - OTHER,Criminal Mischief-Property,sun-valley
8/15/2016,2203,BURGLARY - BUSINESS BY FORCE,Burglary,wellshire
6/2/2016,2203,BURGLARY - BUSINESS BY FORCE,Burglary,elyria-swansea
8/7/2016,2305,THEFT - ITEMS FROM VEHICLE,Theft from Motor Vehicle,dia
6/8/2016,1316,THREATS TO INJURE,All Other Crimes,cheesman-park
9/17/2016,2203,BURGLARY - BUSINESS BY FORCE,Burglary,belcaro
7/15/2016,2203,BURGLARY - BUSINESS BY FORCE,Burglary,college-view-south-platte
8/5/2016,2203,BURGLARY - BUSINESS BY FORCE,Burglary,globeville
10/4/2016,2203,BURGLARY - BUSINESS BY FORCE,Burglary,college-view-south-platte
10/17/2016,2203,BURGLARY - BUSINESS BY FORCE,Burglary,northeast-park-hill
7/28/2016,2203,BURGLARY - BUSINESS BY FORCE,Burglary,athmar-park
8/8/2016,2203,BURGLARY - BUSINESS BY FORCE,Burglary,elyria-swansea
5/24/2016,1205,ROBBERY - STREET,Robbery-Street-Res,montbello
8/6/2016,2205,BURGLARY - BUSINESS NO FORCE,Burglary,montclair
6/9/2016,2203,BURGLARY - BUSINESS BY FORCE,Burglary,baker
7/18/2016,2203,BURGLARY - BUSINESS BY FORCE,Burglary,valverde
5/26/2015,3560,DRUG - MARIJUANA SELL,Drug Offenses,auraria
10/5/2016,2202,BURGLARY - RESIDENCE BY FORCE,Burglary,cole
10/5/2016,2999,CRIMINAL MISCHIEF - OTHER,Criminal Mischief-Property,east-colfax
4/30/2016,2303,THEFT - SHOPLIFT,Larceny,overland
6/3/2016,2203,BURGLARY - BUSINESS BY FORCE,Burglary,elyria-swansea
8/5/2016,1205,ROBBERY - STREET,Robbery-Street-Res,union-station
6/27/2016,2203,BURGLARY - BUSINESS BY FORCE,Burglary,university-hills
7/15/2016,2203,BURGLARY - BUSINESS BY FORCE,Burglary,elyria-swansea
12/22/2014,1315,AGGRAVATED ASSAULT,Agg ASLT-Firearm,westwood
7/30/2016,2203,BURGLARY - BUSINESS BY FORCE,Burglary,valverde
6/5/2016,1315,AGGRAVATED ASSAULT,Agg ASLT-Other,west-colfax
6/11/2016,2203,BURGLARY - BUSINESS BY FORCE,Burglary,sun-valley
1/28/2013,2399,THEFT - OTHER,Larceny,jefferson-park
6/24/2012,2203,BURGLARY - BUSINESS BY FORCE,Burglary,virginia-village
8/22/2016,2203,BURGLARY - BUSINESS BY FORCE,Burglary,five-points
8/10/2016,2203,BURGLARY - BUSINESS BY FORCE,Burglary,elyria-swansea
8/10/2016,2203,BURGLARY - BUSINESS BY FORCE,Burglary,elyria-swansea
8/10/2016,2203,BURGLARY - BUSINESS BY FORCE,Burglary,northeast-park-hill
6/13/2016,2204,BURGLARY - RESIDENCE NO FORCE,Burglary,washington-park
1/17/2016,2203,BURGLARY - BUSINESS BY FORCE,Burglary,college-view-south-platte
1/17/2016,2307,BURGLARY - VENDING MACHINE,Larceny,college-view-south-platte
3/12/2016,2203,BURGLARY - BUSINESS BY FORCE,Burglary,globeville
2/21/2016,2203,BURGLARY - BUSINESS BY FORCE,Burglary,east-colfax
8/13/2016,2203,BURGLARY - BUSINESS BY FORCE,Burglary,athmar-park
7/1/2016,2203,BURGLARY - BUSINESS BY FORCE,Burglary,washington-virginia-vale
9/27/2016,2399,THEFT - OTHER,Larceny,athmar-park
2/14/2016,2202,BURGLARY - RESIDENCE BY FORCE,Burglary,five-points
7/19/2016,2399,THEFT - OTHER,Larceny,berkeley
8/10/2016,2203,BURGLARY - BUSINESS BY FORCE,Burglary,wellshire
10/18/2012,2203,BURGLARY - BUSINESS BY FORCE,Burglary,highland
6/10/2016,2399,THEFT - OTHER,Larceny,globeville
8/25/2016,2203,BURGLARY - BUSINESS BY FORCE,Burglary,overland
3/12/2013,1315,AGGRAVATED ASSAULT,Agg ASLT-Firearm,montbello
2/17/2013,2203,BURGLARY - BUSINESS BY FORCE,Burglary,goldsmith
9/6/2016,2205,BURGLARY - BUSINESS NO FORCE,Burglary,elyria-swansea
9/25/2016,2999,CRIMINAL MISCHIEF - OTHER,Criminal Mischief-Property,ruby-hill
12/22/2014,1205,ROBBERY - STREET,Robbery-Street-Res,westwood
12/12/2014,1313,ASSAULT - SIMPLE,Simple Assault,hale
9/8/2016,2203,BURGLARY - BUSINESS BY FORCE,Burglary,valverde
10/19/2016,2203,BURGLARY - BUSINESS BY FORCE,Burglary,cheesman-park
10/8/2016,2203,BURGLARY - BUSINESS BY FORCE,Burglary,college-view-south-platte
3/29/2012,2202,BURGLARY - RESIDENCE BY FORCE,Burglary,wellshire
10/2/2016,2203,BURGLARY - BUSINESS BY FORCE,Burglary,overland
10/9/2016,1208,ROBBERY - RESIDENCE,Robbery-Street-Res,fort-logan
9/19/2016,1205,ROBBERY - STREET,Robbery-Street-Res,washington-virginia-vale
9/10/2016,2999,CRIMINAL MISCHIEF - OTHER,Criminal Mischief-Property,skyland
9/29/2016,2305,THEFT - ITEMS FROM VEHICLE,Theft from Motor Vehicle,highland
5/26/2015,2399,THEFT - OTHER,Larceny,auraria
11/21/2012,2999,CRIMINAL MISCHIEF - OTHER,Criminal Mischief-Property,valverde
9/29/2016,2203,BURGLARY - BUSINESS BY FORCE,Burglary,globeville
8/25/2016,2204,BURGLARY - RESIDENCE NO FORCE,Burglary,east-colfax
8/30/2016,2203,BURGLARY - BUSINESS BY FORCE,Burglary,windsor
4/9/2013,2999,CRIMINAL MISCHIEF - OTHER,Criminal Mischief-Property,athmar-park
10/8/2012,2203,BURGLARY - BUSINESS BY FORCE,Burglary,montclair
9/26/2016,2203,BURGLARY - BUSINESS BY FORCE,Burglary,hampden
9/14/2016,2203,BURGLARY - BUSINESS BY FORCE,Burglary,belcaro
9/14/2016,1205,ROBBERY - STREET,Robbery-Street-Res,baker
12/16/2015,1313,ASSAULT - SIMPLE,Simple Assault,clayton
1/30/2012,1315,MENACING - FELONY W/WEAP,Agg ASLT-Firearm,northeast-park-hill
11/7/2014,1315,AGGRAVATED ASSAULT,Agg ASLT-Firearm,athmar-park
10/29/2014,2202,BURGLARY - RESIDENCE BY FORCE,Burglary,montbello
12/19/2014,1205,ROBBERY - STREET,Robbery-Street-Res,montbello
12/20/2014,2399,THEFT - OTHER,Larceny,harvey-park-south
9/21/2014,5707,CRIMINAL TRESPASSING,All Other Crimes,elyria-swansea
5/28/2015,2203,BURGLARY - BUSINESS BY FORCE,Burglary,globeville
10/6/2014,1205,ROBBERY - STREET,Robbery-Street-Res,five-points
9/7/2015,1208,ROBBERY - RESIDENCE,Robbery-Street-Res,gateway-green-valley-ranch
7/22/2015,2999,CRIMINAL MISCHIEF - OTHER,Criminal Mischief-Property,ruby-hill
5/21/2015,2205,BURGLARY - BUSINESS NO FORCE,Burglary,lincoln-park
9/9/2014,2203,BURGLARY - BUSINESS BY FORCE,Burglary,platt-park
7/14/2014,2303,THEFT - SHOPLIFT,Larceny,cbd
8/3/2014,2203,BURGLARY - BUSINESS BY FORCE,Burglary,globeville
5/10/2015,2203,BURGLARY - BUSINESS BY FORCE,Burglary,elyria-swansea
11/4/2014,1208,ROBBERY - RESIDENCE,Robbery-Street-Res,college-view-south-platte
5/14/2015,2999,CRIMINAL MISCHIEF - OTHER,Criminal Mischief-Property,lincoln-park
5/23/2015,2203,BURGLARY - BUSINESS BY FORCE,Burglary,athmar-park
8/16/2015,2203,BURGLARY - BUSINESS BY FORCE,Burglary,ruby-hill
1/31/2014,2203,BURGLARY - BUSINESS BY FORCE,Burglary,college-view-south-platte
11/27/2015,2303,THEFT - SHOPLIFT,Larceny,valverde
2/22/2014,2203,BURGLARY - BUSINESS BY FORCE,Burglary,westwood
1/7/2015,2203,BURGLARY - BUSINESS BY FORCE,Burglary,globeville
5/23/2015,3560,DRUG - MARIJUANA SELL,Drug Offenses,globeville
6/25/2014,2203,BURGLARY - BUSINESS BY FORCE,Burglary,cole
2/2/2014,2399,THEFT - OTHER,Larceny,globeville
1/18/2014,2202,BURGLARY - RESIDENCE BY FORCE,Burglary,goldsmith
10/15/2014,2305,THEFT - ITEMS FROM VEHICLE,Theft from Motor Vehicle,university-park
9/7/2015,2203,BURGLARY - BUSINESS BY FORCE,Burglary,elyria-swansea
9/20/2015,1202,ROBBERY - BUSINESS,Robbery-Business,five-points
7/15/2015,1205,ROBBERY - STREET,Robbery-Street-Res,west-colfax
3/22/2015,1205,ROBBERY - STREET,Robbery-Street-Res,college-view-south-platte
8/1/2014,2399,THEFT - OTHER,Larceny,elyria-swansea
12/15/2014,1205,ROBBERY - STREET,Robbery-Street-Res,south-park-hill
11/16/2014,2203,BURGLARY - BUSINESS BY FORCE,Burglary,five-points
7/23/2015,2999,CRIMINAL MISCHIEF - OTHER,Criminal Mischief-Property,cole
5/5/2015,2203,BURGLARY - BUSINESS BY FORCE,Burglary,sun-valley
10/25/2015,2399,THEFT - OTHER,Larceny,washington-park-west
4/27/2015,2204,BURGLARY - RESIDENCE NO FORCE,Burglary,gateway-green-valley-ranch
7/23/2015,2203,BURGLARY - BUSINESS BY FORCE,Burglary,stapleton
10/30/2014,1313,ASSAULT - SIMPLE,Simple Assault,five-points
12/20/2014,2399,THEFT - OTHER,Larceny,cheesman-park
4/7/2015,2203,BURGLARY - BUSINESS BY FORCE,Burglary,elyria-swansea
6/4/2014,2303,THEFT - SHOPLIFT,Larceny,rosedale
12/20/2014,1205,ROBBERY - STREET,Robbery-Street-Res,valverde
12/20/2014,1006,KIDNAP - ADULT VICTIM,All Other Crimes,valverde
8/11/2014,2203,BURGLARY - BUSINESS BY FORCE,Burglary,virginia-village
12/31/2014,1205,ROBBERY - STREET,Robbery-Street-Res,montclair
8/3/2015,2605,THEFT - UNAUTH USE OF FTD,All Other Crimes,valverde
9/13/2015,2203,BURGLARY - BUSINESS BY FORCE,Burglary,mar-lee
3/23/2015,2303,THEFT - SHOPLIFT,Larceny,cheesman-park
8/6/2014,2204,BURGLARY - RESIDENCE NO FORCE,Burglary,kennedy
7/19/2012,2203,BURGLARY - BUSINESS BY FORCE,Burglary,athmar-park
10/8/2015,1315,MENACING - FELONY W/WEAP,Agg ASLT-Firearm,west-highland
7/29/2013,5707,CRIMINAL TRESPASSING,All Other Crimes,northeast-park-hill
5/4/2015,2203,BURGLARY - BUSINESS BY FORCE,Burglary,college-view-south-platte
9/14/2015,2203,BURGLARY - BUSINESS BY FORCE,Burglary,baker
7/18/2015,2203,BURGLARY - BUSINESS BY FORCE,Burglary,overland
11/21/2015,2203,BURGLARY - BUSINESS BY FORCE,Burglary,baker
6/16/2012,2203,BURGLARY - BUSINESS BY FORCE,Burglary,northeast-park-hill
4/18/2012,2399,THEFT - OTHER,Larceny,cheesman-park
3/27/2015,2203,BURGLARY - BUSINESS BY FORCE,Burglary,overland
5/13/2015,2508,FORGERY - POSSES FORGE DEVICE,All Other Crimes,five-points
12/18/2014,2203,BURGLARY - BUSINESS BY FORCE,Burglary,cole
6/30/2015,1205,ROBBERY - STREET,Robbery-Street-Res,cole
1/10/2015,2203,BURGLARY - BUSINESS BY FORCE,Burglary,montbello
7/14/2015,2203,BURGLARY - BUSINESS BY FORCE,Burglary,overland
5/15/2015,2605,THEFT - UNAUTH USE OF FTD,All Other Crimes,montbello
8/24/2015,2204,BURGLARY - RESIDENCE NO FORCE,Burglary,city-park-west
5/6/2013,2203,BURGLARY - BUSINESS BY FORCE,Burglary,sun-valley
7/28/2012,2203,BURGLARY - BUSINESS BY FORCE,Burglary,elyria-swansea
9/6/2012,1208,ROBBERY - RESIDENCE,Robbery-Street-Res,goldsmith
1/27/2015,2204,BURGLARY - RESIDENCE NO FORCE,Burglary,north-park-hill
5/25/2015,2203,BURGLARY - BUSINESS BY FORCE,Burglary,elyria-swansea
9/13/2015,2204,BURGLARY - RESIDENCE NO FORCE,Burglary,virginia-village
9/6/2015,1205,ROBBERY - STREET,Robbery-Street-Res,barnum-west
10/9/2012,1205,ROBBERY - STREET,Robbery-Street-Res,speer
7/25/2012,2203,BURGLARY - BUSINESS BY FORCE,Burglary,elyria-swansea
6/25/2015,2203,BURGLARY - BUSINESS BY FORCE,Burglary,overland
11/13/2015,2203,BURGLARY - BUSINESS BY FORCE,Burglary,montclair
11/13/2015,2999,CRIMINAL MISCHIEF - OTHER,Criminal Mischief-Property,montclair
11/30/2015,2202,BURGLARY - RESIDENCE BY FORCE,Burglary,college-view-south-platte
7/18/2015,2202,BURGLARY - RESIDENCE BY FORCE,Burglary,city-park-west
2/16/2014,2999,CRIMINAL MISCHIEF - OTHER,Criminal Mischief-Property,jefferson-park
4/16/2012,1205,ROBBERY - STREET,Robbery-Street-Res,cbd
5/14/2012,1316,THREATS TO INJURE,All Other Crimes,elyria-swansea
7/22/2015,2399,THEFT - OTHER,Larceny,stapleton
1/27/2015,2399,THEFT - OTHER,Larceny,capitol-hill
4/26/2015,2203,BURGLARY - BUSINESS BY FORCE,Burglary,elyria-swansea
6/29/2015,2399,THEFT - OTHER,Larceny,lincoln-park
1/18/2015,1316,THREATS TO INJURE,All Other Crimes,north-park-hill
3/30/2015,2203,BURGLARY - BUSINESS BY FORCE,Burglary,speer
7/3/2015,2303,THEFT - SHOPLIFT,Larceny,platt-park
11/16/2015,2203,BURGLARY - BUSINESS BY FORCE,Burglary,jefferson-park
5/17/2015,1205,ROBBERY - STREET,Robbery-Street-Res,whittier
11/22/2015,2205,BURGLARY - BUSINESS NO FORCE,Burglary,college-view-south-platte
1/19/2015,2203,BURGLARY - BUSINESS BY FORCE,Burglary,elyria-swansea
9/3/2012,1202,ROBBERY - BUSINESS,Robbery-Business,barnum-west
8/13/2015,2203,BURGLARY - BUSINESS BY FORCE,Burglary,college-view-south-platte
4/26/2016,2205,BURGLARY - BUSINESS NO FORCE,Burglary,washington-park-west
12/14/2015,2203,BURGLARY - BUSINESS BY FORCE,Burglary,elyria-swansea
11/21/2015,5707,CRIMINAL TRESPASSING,All Other Crimes,athmar-park
8/6/2015,2203,BURGLARY - BUSINESS BY FORCE,Burglary,overland
3/14/2013,2203,BURGLARY - BUSINESS BY FORCE,Burglary,five-points
1/8/2013,2203,BURGLARY - BUSINESS BY FORCE,Burglary,college-view-south-platte
8/8/2013,2999,CRIMINAL MISCHIEF - OTHER,Criminal Mischief-Property,lincoln-park
1/29/2015,2203,BURGLARY - BUSINESS BY FORCE,Burglary,washington-park-west
2/18/2016,1316,THREATS TO INJURE,All Other Crimes,baker
8/21/2013,7399,ACCESSORY/CONSPIRACY TO CRIME,All Other Crimes,rosedale
7/25/2016,2203,BURGLARY - BUSINESS BY FORCE,Burglary,washington-virginia-vale
8/23/2016,2399,THEFT - OTHER,Larceny,barnum
11/13/2015,2203,BURGLARY - BUSINESS BY FORCE,Burglary,elyria-swansea
7/23/2015,2303,THEFT - SHOPLIFT,Larceny,union-station
2/28/2012,2203,BURGLARY - BUSINESS BY FORCE,Burglary,college-view-south-platte
8/3/2016,2203,BURGLARY - BUSINESS BY FORCE,Burglary,elyria-swansea
9/30/2015,3560,DRUG - MARIJUANA SELL,Drug Offenses,capitol-hill
9/26/2015,3560,DRUG - MARIJUANA SELL,Drug Offenses,capitol-hill
10/11/2015,5213,WEAPON- UNLAWFUL DISCHARGE OF,Weapons Offense,montbello
9/25/2015,3560,DRUG - MARIJUANA SELL,Drug Offenses,washington-park-west
6/21/2015,2203,BURGLARY - BUSINESS BY FORCE,Burglary,sun-valley
7/7/2016,2203,BURGLARY - BUSINESS BY FORCE,Burglary,mar-lee
8/22/2013,2203,BURGLARY - BUSINESS BY FORCE,Burglary,elyria-swansea
8/7/2015,1315,AGGRAVATED ASSAULT,Agg ASLT-Other,montclair
8/14/2016,2203,BURGLARY - BUSINESS BY FORCE,Burglary,valverde
8/18/2016,2203,BURGLARY - BUSINESS BY FORCE,Burglary,elyria-swansea
5/13/2016,2308,THEFT - FROM BLDG,Larceny,elyria-swansea
8/24/2016,2203,BURGLARY - BUSINESS BY FORCE,Burglary,globeville
8/15/2016,2308,THEFT - FROM BLDG,Larceny,east-colfax
9/24/2015,2203,BURGLARY - BUSINESS BY FORCE,Burglary,five-points
11/20/2015,1205,ROBBERY - STREET,Robbery-Street-Res,montbello
3/4/2016,3560,DRUG - MARIJUANA SELL,Drug Offenses,northeast-park-hill
4/21/2016,2203,BURGLARY - BUSINESS BY FORCE,Burglary,globeville
7/29/2013,5312,DISTURBING THE PEACE,All Other Crimes,northeast-park-hill
3/3/2015,2203,BURGLARY - BUSINESS BY FORCE,Burglary,athmar-park
8/14/2015,2203,BURGLARY - BUSINESS BY FORCE,Burglary,sun-valley
11/20/2015,2305,THEFT - ITEMS FROM VEHICLE,Theft from Motor Vehicle,highland
11/18/2013,2202,BURGLARY - RESIDENCE BY FORCE,Burglary,bear-valley
8/3/2014,2203,BURGLARY - BUSINESS BY FORCE,Burglary,college-view-south-platte
4/20/2012,2999,CRIMINAL MISCHIEF - OTHER,Criminal Mischief-Property,cheesman-park
5/26/2016,1315,AGGRAVATED ASSAULT,Agg ASLT-Other,cbd
8/2/2016,2203,BURGLARY - BUSINESS BY FORCE,Burglary,ruby-hill
3/28/2015,5707,CRIMINAL TRESPASSING,All Other Crimes,lincoln-park
3/21/2015,1315,MENACING - FELONY W/WEAP,Agg ASLT-Firearm,elyria-swansea
11/25/2014,2203,BURGLARY - BUSINESS BY FORCE,Burglary,montclair
6/2/2016,2303,THEFT - SHOPLIFT,Larceny,northeast-park-hill
7/25/2016,1205,ROBBERY - STREET,Robbery-Street-Res,university-park
5/26/2012,5707,CRIMINAL TRESPASSING,All Other Crimes,athmar-park
6/14/2016,2203,BURGLARY - BUSINESS BY FORCE,Burglary,barnum
7/18/2016,2203,BURGLARY - BUSINESS BY FORCE,Burglary,elyria-swansea
8/4/2016,2203,BURGLARY - BUSINESS BY FORCE,Burglary,college-view-south-platte
6/2/2016,2203,BURGLARY - BUSINESS BY FORCE,Burglary,villa-park
8/2/2016,2203,BURGLARY - BUSINESS BY FORCE,Burglary,overland
4/21/2016,1208,ROBBERY - RESIDENCE,Robbery-Street-Res,globeville
8/4/2016,2203,BURGLARY - BUSINESS BY FORCE,Burglary,college-view-south-platte
2/10/2014,2203,BURGLARY - BUSINESS BY FORCE,Burglary,sunnyside
1/26/2016,2203,BURGLARY - BUSINESS BY FORCE,Burglary,west-colfax
7/25/2016,2203,BURGLARY - BUSINESS BY FORCE,Burglary,washington-virginia-vale
8/18/2016,2203,BURGLARY - BUSINESS BY FORCE,Burglary,globeville
2/28/2013,1205,ROBBERY - STREET,Robbery-Street-Res,montbello
1/30/2013,2308,THEFT - FROM BLDG,Larceny,gateway-green-valley-ranch
11/25/2014,2205,BURGLARY - BUSINESS NO FORCE,Burglary,athmar-park
2/6/2015,2203,BURGLARY - BUSINESS BY FORCE,Burglary,jefferson-park
8/16/2016,2203,BURGLARY - BUSINESS BY FORCE,Burglary,athmar-park
8/1/2016,2305,THEFT - ITEMS FROM VEHICLE,Theft from Motor Vehicle,bear-valley
7/24/2016,2203,BURGLARY - BUSINESS BY FORCE,Burglary,barnum
2/16/2014,2203,BURGLARY - BUSINESS BY FORCE,Burglary,sloan-lake
2/14/2013,2204,BURGLARY - RESIDENCE NO FORCE,Burglary,windsor
8/15/2016,2999,CRIMINAL MISCHIEF - OTHER,Criminal Mischief-Property,wellshire
5/26/2014,2303,THEFT - SHOPLIFT,Larceny,globeville
11/22/2014,1208,ROBBERY - RESIDENCE,Robbery-Street-Res,westwood
8/4/2016,2203,BURGLARY - BUSINESS BY FORCE,Burglary,montbello
7/10/2016,2203,BURGLARY - BUSINESS BY FORCE,Burglary,athmar-park
6/2/2016,2203,BURGLARY - BUSINESS BY FORCE,Burglary,overland
8/24/2016,2203,BURGLARY - BUSINESS BY FORCE,Burglary,baker
2/23/2016,2203,BURGLARY - BUSINESS BY FORCE,Burglary,five-points
2/4/2015,2203,BURGLARY - BUSINESS BY FORCE,Burglary,south-park-hill
8/3/2015,1316,THREATS TO INJURE,All Other Crimes,five-points
6/19/2016,2203,BURGLARY - BUSINESS BY FORCE,Burglary,lincoln-park
9/30/2015,2203,BURGLARY - BUSINESS BY FORCE,Burglary,elyria-swansea
9/2/2014,2204,BURGLARY - RESIDENCE NO FORCE,Burglary,west-highland
11/23/2014,2203,BURGLARY - BUSINESS BY FORCE,Burglary,elyria-swansea
5/14/2015,2303,THEFT - SHOPLIFT,Larceny,valverde
6/27/2015,2203,BURGLARY - BUSINESS BY FORCE,Burglary,elyria-swansea
7/10/2016,2203,BURGLARY - BUSINESS BY FORCE,Burglary,overland
10/6/2014,1315,MENACING - FELONY W/WEAP,Agg ASLT-Firearm,five-points
4/4/2014,1205,ROBBERY - STREET,Robbery-Street-Res,five-points
8/18/2015,1205,ROBBERY - STREET,Robbery-Street-Res,north-capitol-hill
10/22/2014,1205,ROBBERY - STREET,Robbery-Street-Res,harvey-park-south
2/20/2014,1205,ROBBERY - STREET,Robbery-Street-Res,gateway-green-valley-ranch
6/19/2016,1202,ROBBERY - BUSINESS,Robbery-Business,west-colfax
8/19/2016,2203,BURGLARY - BUSINESS BY FORCE,Burglary,lincoln-park
11/5/2014,2204,BURGLARY - RESIDENCE NO FORCE,Burglary,chaffee-park
8/9/2015,2999,CRIMINAL MISCHIEF - OTHER,Criminal Mischief-Property,overland
4/12/2014,2203,BURGLARY - BUSINESS BY FORCE,Burglary,valverde
7/14/2014,2202,BURGLARY - RESIDENCE BY FORCE,Burglary,stapleton
6/5/2014,1205,ROBBERY - STREET,Robbery-Street-Res,east-colfax
5/8/2013,1205,ROBBERY - STREET,Robbery-Street-Res,montbello
6/15/2016,2203,BURGLARY - BUSINESS BY FORCE,Burglary,indian-creek
8/30/2016,2203,BURGLARY - BUSINESS BY FORCE,Burglary,montclair
7/11/2016,2203,BURGLARY - BUSINESS BY FORCE,Burglary,windsor
8/6/2014,5707,CRIMINAL TRESPASSING,All Other Crimes,chaffee-park
9/4/2013,2203,BURGLARY - BUSINESS BY FORCE,Burglary,overland
11/21/2015,3560,DRUG - MARIJUANA SELL,Drug Offenses,civic-center
4/15/2016,2205,BURGLARY - BUSINESS NO FORCE,Burglary,northeast-park-hill
10/7/2014,2303,THEFT - SHOPLIFT,Larceny,cbd
7/23/2016,2203,BURGLARY - BUSINESS BY FORCE,Burglary,northeast-park-hill
4/6/2016,2506,FORGERY - POSS OF FORGED INST,All Other Crimes,cheesman-park
8/3/2016,2203,BURGLARY - BUSINESS BY FORCE,Burglary,elyria-swansea
4/12/2014,1006,KIDNAP - ADULT VICTIM,All Other Crimes,westwood
3/31/2016,2203,BURGLARY - BUSINESS BY FORCE,Burglary,valverde
10/6/2015,2203,BURGLARY - BUSINESS BY FORCE,Burglary,hampden
7/18/2016,2203,BURGLARY - BUSINESS BY FORCE,Burglary,elyria-swansea
7/23/2016,2203,BURGLARY - BUSINESS BY FORCE,Burglary,ruby-hill
12/12/2013,2303,THEFT - SHOPLIFT,Larceny,cherry-creek
11/5/2015,2202,BURGLARY - RESIDENCE BY FORCE,Burglary,college-view-south-platte
8/15/2016,2999,CRIMINAL MISCHIEF - OTHER,Criminal Mischief-Property,virginia-village
8/15/2016,2203,BURGLARY - BUSINESS BY FORCE,Burglary,elyria-swansea
7/2/2016,1205,ROBBERY - STREET,Robbery-Street-Res,lowry-field
11/30/2015,2005,ARSON - BUSINESS,All Other Crimes,jefferson-park
2/9/2015,2203,BURGLARY - BUSINESS BY FORCE,Burglary,washington-virginia-vale
6/12/2014,2305,THEFT - ITEMS FROM VEHICLE,Theft from Motor Vehicle,elyria-swansea
3/29/2014,2305,THEFT - ITEMS FROM VEHICLE,Theft from Motor Vehicle,mar-lee
6/21/2015,2204,BURGLARY - RESIDENCE NO FORCE,Burglary,cheesman-park
4/5/2015,1313,ASSAULT - SIMPLE,Simple Assault,south-park-hill
9/7/2015,2202,BURGLARY - RESIDENCE BY FORCE,Burglary,east-colfax
10/19/2013,2305,THEFT - ITEMS FROM VEHICLE,Theft from Motor Vehicle,baker
7/13/2015,2203,BURGLARY - BUSINESS BY FORCE,Burglary,sun-valley
4/4/2016,2203,BURGLARY - BUSINESS BY FORCE,Burglary,north-capitol-hill
7/25/2015,2303,THEFT - SHOPLIFT,Larceny,montbello
1/5/2013,2308,THEFT - FROM BLDG,Larceny,cheesman-park
10/2/2015,2999,CRIMINAL MISCHIEF - MTR VEH,Criminal Mischief-Vehicle,lincoln-park
11/25/2014,2203,BURGLARY - BUSINESS BY FORCE,Burglary,east-colfax
12/28/2015,2203,BURGLARY - BUSINESS BY FORCE,Burglary,elyria-swansea
2/20/2015,3560,DRUG - MARIJUANA SELL,Drug Offenses,valverde
4/4/2014,4801,POLICE - RESISTING ARREST,All Other Crimes,five-points
6/29/2015,1212,ROBBERY - CAR JACKING,Robbery-Street-Res,lincoln-park
2/18/2016,2203,BURGLARY - BUSINESS BY FORCE,Burglary,university
1/29/2016,2204,BURGLARY - RESIDENCE NO FORCE,Burglary,university-park
1/8/2015,2203,BURGLARY - BUSINESS BY FORCE,Burglary,montbello
8/28/2014,5312,DISTURBING THE PEACE,All Other Crimes,globeville
11/27/2015,2203,BURGLARY - BUSINESS BY FORCE,Burglary,east-colfax
2/8/2016,1205,ROBBERY - STREET,Robbery-Street-Res,northeast-park-hill
4/4/2016,2203,BURGLARY - BUSINESS BY FORCE,Burglary,baker
11/23/2014,5707,CRIMINAL TRESPASSING,All Other Crimes,elyria-swansea
3/15/2014,1313,ASSAULT - SIMPLE,Simple Assault,northeast-park-hill
10/30/2014,2999,CRIMINAL MISCHIEF - OTHER,Criminal Mischief-Property,sun-valley
5/22/2015,3560,DRUG - MARIJUANA SELL,Drug Offenses,elyria-swansea
12/3/2015,1313,ASSAULT - SIMPLE,Simple Assault,virginia-village
4/3/2013,2303,THEFT - SHOPLIFT,Larceny,athmar-park
8/29/2015,2203,BURGLARY - BUSINESS BY FORCE,Burglary,cole
9/24/2015,2203,BURGLARY - BUSINESS BY FORCE,Burglary,westwood
2/6/2016,2203,BURGLARY - BUSINESS BY FORCE,Burglary,speer
1/5/2016,1208,ROBBERY - RESIDENCE,Robbery-Street-Res,college-view-south-platte
12/9/2015,4801,POLICE - RESISTING ARREST,All Other Crimes,mar-lee
2/16/2016,2203,BURGLARY - BUSINESS BY FORCE,Burglary,valverde
3/29/2016,2203,BURGLARY - BUSINESS BY FORCE,Burglary,west-highland
9/23/2014,2203,BURGLARY - BUSINESS BY FORCE,Burglary,elyria-swansea
5/1/2016,5707,CRIMINAL TRESPASSING,All Other Crimes,elyria-swansea
1/26/2016,2203,BURGLARY - BUSINESS BY FORCE,Burglary,montclair
2/12/2015,2305,THEFT - ITEMS FROM VEHICLE,Theft from Motor Vehicle,washington-park-west
8/6/2015,2203,BURGLARY - BUSINESS BY FORCE,Burglary,lincoln-park
5/20/2015,2204,BURGLARY - RESIDENCE NO FORCE,Burglary,northeast-park-hill
1/14/2016,2305,THEFT - ITEMS FROM VEHICLE,Theft from Motor Vehicle,jefferson-park
1/11/2015,2203,BURGLARY - BUSINESS BY FORCE,Burglary,virginia-village
4/25/2016,2203,BURGLARY - BUSINESS BY FORCE,Burglary,northeast-park-hill
12/5/2014,1313,ASSAULT - SIMPLE,Simple Assault,rosedale
5/2/2014,2203,BURGLARY - BUSINESS BY FORCE,Burglary,sunnyside
2/20/2013,2203,BURGLARY - BUSINESS BY FORCE,Burglary,ruby-hill
6/12/2014,1313,ASSAULT - SIMPLE,Simple Assault,globeville
8/29/2014,2204,BURG/AUTO THEFT-RESD NO FORCE,Burglary,washington-virginia-vale
2/19/2014,2204,BURGLARY - RESIDENCE NO FORCE,Burglary,villa-park
10/7/2014,2203,BURGLARY - BUSINESS BY FORCE,Burglary,elyria-swansea
4/16/2016,2203,BURGLARY - BUSINESS BY FORCE,Burglary,washington-park-west
3/29/2016,2999,CRIMINAL MISCHIEF - OTHER,Criminal Mischief-Property,montbello
10/2/2015,2305,THEFT - ITEMS FROM VEHICLE,Theft from Motor Vehicle,lincoln-park
9/28/2014,1205,ROBBERY - STREET,Robbery-Street-Res,westwood
7/29/2016,2203,BURGLARY - BUSINESS BY FORCE,Burglary,ruby-hill
7/20/2016,2203,BURGLARY - BUSINESS BY FORCE,Burglary,valverde
8/5/2016,2203,BURGLARY - BUSINESS BY FORCE,Burglary,globeville
6/16/2016,1205,ROBBERY - STREET,Robbery-Street-Res,north-capitol-hill
9/28/2016,2203,BURGLARY - BUSINESS BY FORCE,Burglary,college-view-south-platte
7/24/2013,2201,BURGLARY - SAFE,Burglary,globeville
3/20/2013,2203,BURGLARY - BUSINESS BY FORCE,Burglary,cole
10/23/2016,2203,BURGLARY - BUSINESS BY FORCE,Burglary,civic-center
9/12/2016,2203,BURGLARY - BUSINESS BY FORCE,Burglary,elyria-swansea
3/23/2012,2203,BURGLARY - BUSINESS BY FORCE,Burglary,college-view-south-platte
9/29/2016,2204,BURGLARY - RESIDENCE NO FORCE,Burglary,five-points
9/22/2016,2399,THEFT - OTHER,Larceny,ruby-hill
10/27/2016,2399,THEFT - OTHER,Larceny,ruby-hill
7/12/2013,2203,BURGLARY - BUSINESS BY FORCE,Burglary,college-view-south-platte
9/21/2016,1212,ROBBERY - CAR JACKING,Robbery-Street-Res,highland
5/26/2015,1313,ASSAULT - SIMPLE,Simple Assault,auraria
9/19/2016,1208,ROBBERY - RESIDENCE,Robbery-Street-Res,gateway-green-valley-ranch
9/21/2016,3560,DRUG - MARIJUANA SELL,Drug Offenses,elyria-swansea
9/21/2016,3560,DRUG - MARIJUANA SELL,Drug Offenses,sunnyside
10/9/2016,3563,DRUG - MARIJUANA CULTIVATION,Drug Offenses,whittier
10/22/2016,2203,BURGLARY - BUSINESS BY FORCE,Burglary,elyria-swansea
10/9/2016,1315,AGGRAVATED ASSAULT,Agg ASLT-Firearm,whittier
9/21/2016,2203,BURGLARY - BUSINESS BY FORCE,Burglary,south-park-hill
9/5/2016,2204,BURGLARY - RESIDENCE NO FORCE,Burglary,mar-lee
2/7/2013,1313,ASSAULT - SIMPLE,Simple Assault,city-park-west
12/22/2014,5213,WEAPON- UNLAWFUL DISCHARGE OF,Weapons Offense,westwood
1/27/2013,2203,BURGLARY - BUSINESS BY FORCE,Burglary,west-highland
4/9/2013,2203,BURGLARY - BUSINESS BY FORCE,Burglary,athmar-park
9/20/2016,2503,FORGERY - COUNTERFEIT OF OBJ,All Other Crimes,five-points
4/29/2012,2202,BURGLARY - RESIDENCE BY FORCE,Burglary,washington-virginia-vale
10/29/2016,2203,BURGLARY - BUSINESS BY FORCE,Burglary,globeville
9/23/2016,2399,THEFT - OTHER,Larceny,ruby-hill
9/3/2016,1202,ROBBERY - BUSINESS,Robbery-Business,clayton
10/9/2016,2399,THEFT - OTHER,Larceny,washington-virginia-vale
10/28/2016,1202,ROBBERY - BUSINESS,Robbery-Business,baker
12/22/2014,3560,DRUG - MARIJUANA SELL,Drug Offenses,westwood